Workbook

Sheet All_India_Index_Upto_April23 (1
A1: Sector | B1: Year | C1: Month | D1: Cereals and products | E1: Meat and fish | F1: Egg | G1: Milk and products | H1: Oils and fats | I1: Fruits | J1: Vegetables | K1: Pulses and products | L1: Sugar and Confectionery | M1: Spices | N1: Non-alcoholic beverages | O1: Prepared meals, snacks, sweets etc. | P1: Food and beverages | Q1: Pan, tobacco and intoxicants | R1: Clothing | S1: Footwear | T1: Clothing and footwear | U1: Housing | V1: Fuel and light | W1: Household goods and services | X1: Health | Y1: Transport and communication | Z1: Recreation and amusement | AA1: Education | AB1: Personal care and effects | AC1: Miscellaneous | AD1: General index
A2: Rural | B2: 2013 | C2: January | D2: 107.5 | E2: 106.3 | F2: 108.1 | G2: 104.9 | H2: 106.1 | I2: 103.9 | J2: 101.9 | K2: 106.1 | L2: 106.8 | M2: 103.1 | N2: 104.8 | O2: 106.7 | P2: 105.5 | Q2: 105.1 | R2: 106.5 | S2: 105.8 | T2: 106.4 | U2: NA | V2: 105.5 | W2: 104.8 | X2: 104 | Y2: 103.3 | Z2: 103.4 | AA2: 103.8 | AB2: 104.7 | AC2: 104 | AD2: 105.1
A3: Urban | B3: 2013 | C3: January | D3: 110.5 | E3: 109.1 | F3: 113 | G3: 103.6 | H3: 103.4 | I3: 102.3 | J3: 102.9 | K3: 105.8 | L3: 105.1 | M3: 101.8 | N3: 105.1 | O3: 107.9 | P3: 105.9 | Q3: 105.2 | R3: 105.9 | S3: 105 | T3: 105.8 | U3: 100.3 | V3: 105.4 | W3: 104.8 | X3: 104.1 | Y3: 103.2 | Z3: 102.9 | AA3: 103.5 | AB3: 104.3 | AC3: 103.7 | AD3: 104
A4: Rural+Urban | B4: 2013 | C4: January | D4: 108.4 | E4: 107.3 | F4: 110 | G4: 104.4 | H4: 105.1 | I4: 103.2 | J4: 102.2 | K4: 106 | L4: 106.2 | M4: 102.7 | N4: 104.9 | O4: 107.3 | P4: 105.6 | Q4: 105.1 | R4: 106.3 | S4: 105.5 | T4: 106.2 | U4: 100.3 | V4: 105.5 | W4: 104.8 | X4: 104 | Y4: 103.2 | Z4: 103.1 | AA4: 103.6 | AB4: 104.5 | AC4: 103.9 | AD4: 104.6
A5: Rural | B5: 2013 | C5: February | D5: 109.2 | E5: 108.7 | F5: 110.2 | G5: 105.4 | H5: 106.7 | I5: 104 | J5: 102.4 | K5: 105.9 | L5: 105.7 | M5: 103.1 | N5: 105.1 | O5: 107.7 | P5: 106.3 | Q5: 105.6 | R5: 107.1 | S5: 106.3 | T5: 107 | U5: NA | V5: 106.2 | W5: 105.2 | X5: 104.4 | Y5: 103.9 | Z5: 104 | AA5: 104.1 | AB5: 104.6 | AC5: 104.4 | AD5: 105.8
A6: Urban | B6: 2013 | C6: February | D6: 112.9 | E6: 112.9 | F6: 116.9 | G6: 104 | H6: 103.5 | I6: 103.1 | J6: 104.9 | K6: 104.1 | L6: 103.8 | M6: 102.3 | N6: 106 | O6: 109 | P6: 107.2 | Q6: 106 | R6: 106.6 | S6: 105.5 | T6: 106.4 | U6: 100.4 | V6: 105.7 | W6: 105.2 | X6: 104.7 | Y6: 104.4 | Z6: 103.3 | AA6: 103.7 | AB6: 104.3 | AC6: 104.3 | AD6: 104.7
A7: Rural+Urban | B7: 2013 | C7: February | D7: 110.4 | E7: 110.2 | F7: 112.8 | G7: 104.9 | H7: 105.5 | I7: 103.6 | J7: 103.2 | K7: 105.3 | L7: 105.1 | M7: 102.8 | N7: 105.5 | O7: 108.3 | P7: 106.6 | Q7: 105.7 | R7: 106.9 | S7: 106 | T7: 106.8 | U7: 100.4 | V7: 106 | W7: 105.2 | X7: 104.5 | Y7: 104.2 | Z7: 103.6 | AA7: 103.9 | AB7: 104.5 | AC7: 104.4 | AD7: 105.3
A8: Rural | B8: 2013 | C8: March | D8: 110.2 | E8: 108.8 | F8: 109.9 | G8: 105.6 | H8: 106.2 | I8: 105.7 | J8: 101.4 | K8: 105.7 | L8: 105 | M8: 103.3 | N8: 105.6 | O8: 108.2 | P8: 106.6 | Q8: 106.5 | R8: 107.6 | S8: 106.8 | T8: 107.5 | U8: NA | V8: 106.1 | W8: 105.6 | X8: 104.7 | Y8: 104.6 | Z8: 104 | AA8: 104.3 | AB8: 104.3 | AC8: 104.6 | AD8: 106
A9: Urban | B9: 2013 | C9: March | D9: 113.9 | E9: 111.4 | F9: 113.2 | G9: 104.3 | H9: 102.7 | I9: 104.9 | J9: 103.8 | K9: 103.5 | L9: 102.6 | M9: 102.4 | N9: 107 | O9: 109.8 | P9: 107.3 | Q9: 106.8 | R9: 107.2 | S9: 106 | T9: 107 | U9: 100.4 | V9: 106 | W9: 105.7 | X9: 105.2 | Y9: 105.5 | Z9: 103.5 | AA9: 103.8 | AB9: 104.2 | AC9: 104.9 | AD9: 105
A10: Rural+Urban | B10: 2013 | C10: March | D10: 111.4 | E10: 109.7 | F10: 111.2 | G10: 105.1 | H10: 104.9 | I10: 105.3 | J10: 102.2 | K10: 105 | L10: 104.2 | M10: 103 | N10: 106.2 | O10: 108.9 | P10: 106.9 | Q10: 106.6 | R10: 107.4 | S10: 106.5 | T10: 107.3 | U10: 100.4 | V10: 106.1 | W10: 105.6 | X10: 104.9 | Y10: 105.1 | Z10: 103.7 | AA10: 104 | AB10: 104.3 | AC10: 104.7 | AD10: 105.5
A11: Rural | B11: 2013 | C11: April | D11: 110.2 | E11: 109.5 | F11: 106.9 | G11: 106.3 | H11: 105.7 | I11: 108.3 | J11: 103.4 | K11: 105.7 | L11: 104.2 | M11: 103.2 | N11: 106.5 | O11: 108.8 | P11: 107.1 | Q11: 107.1 | R11: 108.1 | S11: 107.4 | T11: 108 | U11: NA | V11: 106.5 | W11: 106.1 | X11: 105.1 | Y11: 104.4 | Z11: 104.5 | AA11: 104.8 | AB11: 102.7 | AC11: 104.6 | AD11: 106.4
A12: Urban | B12: 2013 | C12: April | D12: 114.6 | E12: 113.4 | F12: 106 | G12: 104.7 | H12: 102.1 | I12: 109.5 | J12: 109.7 | K12: 104.6 | L12: 102 | M12: 103.5 | N12: 108.2 | O12: 110.6 | P12: 108.8 | Q12: 108.5 | R12: 107.9 | S12: 106.4 | T12: 107.7 | U12: 100.5 | V12: 106.4 | W12: 106.5 | X12: 105.7 | Y12: 105 | Z12: 104 | AA12: 105.2 | AB12: 103.2 | AC12: 105.1 | AD12: 105.7
A13: Rural+Urban | B13: 2013 | C13: April | D13: 111.6 | E13: 110.9 | F13: 106.6 | G13: 105.7 | H13: 104.4 | I13: 108.9 | J13: 105.5 | K13: 105.3 | L13: 103.5 | M13: 103.3 | N13: 107.2 | O13: 109.6 | P13: 107.7 | Q13: 107.5 | R13: 108 | S13: 107 | T13: 107.9 | U13: 100.5 | V13: 106.5 | W13: 106.3 | X13: 105.3 | Y13: 104.7 | Z13: 104.2 | AA13: 105 | AB13: 102.9 | AC13: 104.8 | AD13: 106.1
A14: Rural | B14: 2013 | C14: May | D14: 110.9 | E14: 109.8 | F14: 105.9 | G14: 107.5 | H14: 105.3 | I14: 108.1 | J14: 107.3 | K14: 106.1 | L14: 103.7 | M14: 104 | N14: 107.4 | O14: 109.9 | P14: 108.1 | Q14: 108.1 | R14: 108.8 | S14: 107.9 | T14: 108.6 | U14: NA | V14: 107.5 | W14: 106.8 | X14: 105.7 | Y14: 104.1 | Z14: 105 | AA14: 105.5 | AB14: 102.1 | AC14: 104.8 | AD14: 107.2
A15: Urban | B15: 2013 | C15: May | D15: 115.4 | E15: 114.2 | F15: 102.7 | G15: 105.5 | H15: 101.5 | I15: 110.6 | J15: 123.7 | K15: 105.2 | L15: 101.9 | M15: 105 | N15: 109.1 | O15: 111.3 | P15: 111.1 | Q15: 109.8 | R15: 108.5 | S15: 106.7 | T15: 108.3 | U15: 100.5 | V15: 107.2 | W15: 107.1 | X15: 106.2 | Y15: 103.9 | Z15: 104.6 | AA15: 105.7 | AB15: 102.6 | AC15: 104.9 | AD15: 106.6
A16: Rural+Urban | B16: 2013 | C16: May | D16: 112.3 | E16: 111.3 | F16: 104.7 | G16: 106.8 | H16: 103.9 | I16: 109.3 | J16: 112.9 | K16: 105.8 | L16: 103.1 | M16: 104.3 | N16: 108.1 | O16: 110.5 | P16: 109.2 | Q16: 108.6 | R16: 108.7 | S16: 107.4 | T16: 108.5 | U16: 100.5 | V16: 107.4 | W16: 106.9 | X16: 105.9 | Y16: 104 | Z16: 104.8 | AA16: 105.6 | AB16: 102.3 | AC16: 104.8 | AD16: 106.9
A17: Rural | B17: 2013 | C17: June | D17: 112.3 | E17: 112.1 | F17: 108.1 | G17: 108.3 | H17: 105.9 | I17: 109.2 | J17: 118 | K17: 106.8 | L17: 104.1 | M17: 105.4 | N17: 108.2 | O17: 111 | P17: 110.6 | Q17: 109 | R17: 109.7 | S17: 108.8 | T17: 109.5 | U17: NA | V17: 108.5 | W17: 107.5 | X17: 106.3 | Y17: 105 | Z17: 105.6 | AA17: 106.5 | AB17: 102.5 | AC17: 105.5 | AD17: 108.9
A18: Urban | B18: 2013 | C18: June | D18: 117 | E18: 120.1 | F18: 112.5 | G18: 107.3 | H18: 101.3 | I18: 112.4 | J18: 143.6 | K18: 105.4 | L18: 101.4 | M18: 106.4 | N18: 110 | O18: 112.2 | P18: 115 | Q18: 110.9 | R18: 109.2 | S18: 107.2 | T18: 108.9 | U18: 106.6 | V18: 108 | W18: 107.7 | X18: 106.5 | Y18: 105.2 | Z18: 105.2 | AA18: 108.1 | AB18: 103.3 | AC18: 106.1 | AD18: 109.7
A19: Rural+Urban | B19: 2013 | C19: June | D19: 113.8 | E19: 114.9 | F19: 109.8 | G19: 107.9 | H19: 104.2 | I19: 110.7 | J19: 126.7 | K19: 106.3 | L19: 103.2 | M19: 105.7 | N19: 109 | O19: 111.6 | P19: 112.2 | Q19: 109.5 | R19: 109.5 | S19: 108.1 | T19: 109.3 | U19: 106.6 | V19: 108.3 | W19: 107.6 | X19: 106.4 | Y19: 105.1 | Z19: 105.4 | AA19: 107.4 | AB19: 102.8 | AC19: 105.8 | AD19: 109.3
A20: Rural | B20: 2013 | C20: July | D20: 113.4 | E20: 114.9 | F20: 110.5 | G20: 109.3 | H20: 106.2 | I20: 110.3 | J20: 129.2 | K20: 107.1 | L20: 104.3 | M20: 106.4 | N20: 109.1 | O20: 112.1 | P20: 113.1 | Q20: 109.8 | R20: 110.5 | S20: 109.5 | T20: 110.3 | U20: NA | V20: 109.5 | W20: 108.3 | X20: 106.9 | Y20: 106.8 | Z20: 106.4 | AA20: 107.8 | AB20: 102.5 | AC20: 106.5 | AD20: 110.7
A21: Urban | B21: 2013 | C21: July | D21: 117.8 | E21: 119.2 | F21: 114 | G21: 108.3 | H21: 101.1 | I21: 113.2 | J21: 160.9 | K21: 105.1 | L21: 101.3 | M21: 107.5 | N21: 110.4 | O21: 113.1 | P21: 117.5 | Q21: 111.7 | R21: 109.8 | S21: 107.8 | T21: 109.5 | U21: 107.7 | V21: 108.6 | W21: 108.1 | X21: 107.1 | Y21: 107.3 | Z21: 105.9 | AA21: 110.1 | AB21: 103.2 | AC21: 107.3 | AD21: 111.4
A22: Rural+Urban | B22: 2013 | C22: July | D22: 114.8 | E22: 116.4 | F22: 111.9 | G22: 108.9 | H22: 104.3 | I22: 111.7 | J22: 140 | K22: 106.4 | L22: 103.3 | M22: 106.8 | N22: 109.6 | O22: 112.6 | P22: 114.7 | Q22: 110.3 | R22: 110.2 | S22: 108.8 | T22: 110 | U22: 107.7 | V22: 109.2 | W22: 108.2 | X22: 107 | Y22: 107.1 | Z22: 106.1 | AA22: 109.1 | AB22: 102.8 | AC22: 106.9 | AD22: 111
A23: Rural | B23: 2013 | C23: August | D23: 114.3 | E23: 115.4 | F23: 111.1 | G23: 110 | H23: 106.4 | I23: 110.8 | J23: 138.9 | K23: 107.4 | L23: 104.1 | M23: 106.9 | N23: 109.7 | O23: 112.6 | P23: 114.9 | Q23: 110.7 | R23: 111.3 | S23: 110.2 | T23: 111.1 | U23: NA | V23: 109.9 | W23: 108.7 | X23: 107.5 | Y23: 107.8 | Z23: 106.8 | AA23: 108.7 | AB23: 105 | AC23: 107.5 | AD23: 112.1
A24: Urban | B24: 2013 | C24: August | D24: 118.3 | E24: 120.4 | F24: 112.7 | G24: 108.9 | H24: 101.1 | I24: 108.7 | J24: 177 | K24: 104.7 | L24: 101 | M24: 108.5 | N24: 110.9 | O24: 114.3 | P24: 119.6 | Q24: 112.4 | R24: 110.6 | S24: 108.3 | T24: 110.2 | U24: 108.9 | V24: 109.3 | W24: 108.7 | X24: 107.6 | Y24: 108.1 | Z24: 106.5 | AA24: 110.8 | AB24: 106 | AC24: 108.3 | AD24: 112.7
A25: Rural+Urban | B25: 2013 | C25: August | D25: 115.6 | E25: 117.2 | F25: 111.7 | G25: 109.6 | H25: 104.5 | I25: 109.8 | J25: 151.8 | K25: 106.5 | L25: 103.1 | M25: 107.4 | N25: 110.2 | O25: 113.4 | P25: 116.6 | Q25: 111.2 | R25: 111 | S25: 109.4 | T25: 110.7 | U25: 108.9 | V25: 109.7 | W25: 108.7 | X25: 107.5 | Y25: 108 | Z25: 106.6 | AA25: 109.9 | AB25: 105.4 | AC25: 107.9 | AD25: 112.4
A26: Rural | B26: 2013 | C26: September | D26: 115.4 | E26: 115.7 | F26: 111.7 | G26: 111 | H26: 107.4 | I26: 110.9 | J26: 154 | K26: 108.1 | L26: 104.2 | M26: 107.9 | N26: 110.4 | O26: 114 | P26: 117.8 | Q26: 111.7 | R26: 112.7 | S26: 111.4 | T26: 112.5 | U26: NA | V26: 111.1 | W26: 109.6 | X26: 108.3 | Y26: 109.3 | Z26: 107.7 | AA26: 109.8 | AB26: 106.7 | AC26: 108.7 | AD26: 114.2
A27: Urban | B27: 2013 | C27: September | D27: 118.6 | E27: 119.1 | F27: 113.2 | G27: 109.6 | H27: 101.7 | I27: 103.2 | J27: 174.3 | K27: 105.1 | L27: 100.8 | M27: 109.1 | N27: 111.1 | O27: 115.4 | P27: 119.2 | Q27: 112.9 | R27: 111.4 | S27: 109 | T27: 111.1 | U27: 109.7 | V27: 109.5 | W27: 109.6 | X27: 107.9 | Y27: 110.4 | Z27: 107.4 | AA27: 111.2 | AB27: 106.9 | AC27: 109.4 | AD27: 113.2
A28: Rural+Urban | B28: 2013 | C28: September | D28: 116.4 | E28: 116.9 | F28: 112.3 | G28: 110.5 | H28: 105.3 | I28: 107.3 | J28: 160.9 | K28: 107.1 | L28: 103.1 | M28: 108.3 | N28: 110.7 | O28: 114.6 | P28: 118.3 | Q28: 112 | R28: 112.2 | S28: 110.4 | T28: 111.9 | U28: 109.7 | V28: 110.5 | W28: 109.6 | X28: 108.1 | Y28: 109.9 | Z28: 107.5 | AA28: 110.6 | AB28: 106.8 | AC28: 109 | AD28: 113.7
A29: Rural | B29: 2013 | C29: October | D29: 116.3 | E29: 115.4 | F29: 112.6 | G29: 111.7 | H29: 107.7 | I29: 113.2 | J29: 164.9 | K29: 108.3 | L29: 103.9 | M29: 108.2 | N29: 111.1 | O29: 114.9 | P29: 119.8 | Q29: 112.2 | R29: 113.6 | S29: 112.3 | T29: 113.4 | U29: NA | V29: 111.6 | W29: 110.4 | X29: 108.9 | Y29: 109.3 | Z29: 108.3 | AA29: 110.2 | AB29: 107.5 | AC29: 109.1 | AD29: 115.5
A30: Urban | B30: 2013 | C30: October | D30: 118.9 | E30: 118.1 | F30: 114.5 | G30: 110.4 | H30: 102.3 | I30: 106.2 | J30: 183.5 | K30: 105.3 | L30: 100.2 | M30: 109.6 | N30: 111.4 | O30: 116 | P30: 120.8 | Q30: 113.5 | R30: 112.5 | S30: 109.7 | T30: 112 | U30: 110.5 | V30: 109.7 | W30: 110.2 | X30: 108.2 | Y30: 109.7 | Z30: 108 | AA30: 111.3 | AB30: 107.3 | AC30: 109.4 | AD30: 114
A31: Rural+Urban | B31: 2013 | C31: October | D31: 117.1 | E31: 116.3 | F31: 113.3 | G31: 111.2 | H31: 105.7 | I31: 109.9 | J31: 171.2 | K31: 107.3 | L31: 102.7 | M31: 108.7 | N31: 111.2 | O31: 115.4 | P31: 120.2 | Q31: 112.5 | R31: 113.2 | S31: 111.2 | T31: 112.8 | U31: 110.5 | V31: 110.9 | W31: 110.3 | X31: 108.6 | Y31: 109.5 | Z31: 108.1 | AA31: 110.8 | AB31: 107.4 | AC31: 109.2 | AD31: 114.8
A32: Rural | B32: 2013 | C32: November | D32: 117.3 | E32: 114.9 | F32: 116.2 | G32: 112.8 | H32: 108.9 | I32: 116.6 | J32: 178.1 | K32: 109.1 | L32: 103.6 | M32: 109 | N32: 111.8 | O32: 116 | P32: 122.5 | Q32: 112.8 | R32: 114.6 | S32: 113.1 | T32: 114.4 | U32: NA | V32: 112.6 | W32: 111.3 | X32: 109.7 | Y32: 109.6 | Z32: 108.7 | AA32: 111 | AB32: 108.2 | AC32: 109.8 | AD32: 117.4
A33: Urban | B33: 2013 | C33: November | D33: 119.8 | E33: 116.3 | F33: 122.6 | G33: 112 | H33: 103.2 | I33: 110 | J33: 192.8 | K33: 106.3 | L33: 99.5 | M33: 110.3 | N33: 111.8 | O33: 117.1 | P33: 122.9 | Q33: 114.1 | R33: 113.5 | S33: 110.3 | T33: 113 | U33: 111.1 | V33: 110 | W33: 110.9 | X33: 108.6 | Y33: 109.5 | Z33: 108.5 | AA33: 111.3 | AB33: 107.9 | AC33: 109.6 | AD33: 115
A34: Rural+Urban | B34: 2013 | C34: November | D34: 118.1 | E34: 115.4 | F34: 118.7 | G34: 112.5 | H34: 106.8 | I34: 113.5 | J34: 183.1 | K34: 108.2 | L34: 102.2 | M34: 109.4 | N34: 111.8 | O34: 116.5 | P34: 122.6 | Q34: 113.1 | R34: 114.2 | S34: 111.9 | T34: 113.8 | U34: 111.1 | V34: 111.6 | W34: 111.1 | X34: 109.3 | Y34: 109.5 | Z34: 108.6 | AA34: 111.2 | AB34: 108.1 | AC34: 109.7 | AD34: 116.3
A35: Rural | B35: 2013 | C35: December | D35: 118.4 | E35: 115.9 | F35: 120.4 | G35: 113.8 | H35: 109.5 | I35: 115.5 | J35: 145.7 | K35: 109.5 | L35: 102.9 | M35: 109.8 | N35: 112.1 | O35: 116.8 | P35: 118.7 | Q35: 113.6 | R35: 115.8 | S35: 114 | T35: 115.5 | U35: NA | V35: 112.8 | W35: 112.1 | X35: 110.1 | Y35: 109.9 | Z35: 109.2 | AA35: 111.6 | AB35: 108.1 | AC35: 110.1 | AD35: 115.5
A36: Urban | B36: 2013 | C36: December | D36: 120.5 | E36: 118.1 | F36: 128.5 | G36: 112.8 | H36: 103.4 | I36: 110.7 | J36: 144.8 | K36: 107.1 | L36: 98.6 | M36: 111.9 | N36: 112.1 | O36: 118.1 | P36: 117.8 | Q36: 115 | R36: 114.2 | S36: 110.9 | T36: 113.7 | U36: 110.7 | V36: 110.4 | W36: 111.3 | X36: 109 | Y36: 109.7 | Z36: 108.9 | AA36: 111.4 | AB36: 107.7 | AC36: 109.8 | AD36: 113.3
A37: Rural+Urban | B37: 2013 | C37: December | D37: 119.1 | E37: 116.7 | F37: 123.5 | G37: 113.4 | H37: 107.3 | I37: 113.3 | J37: 145.4 | K37: 108.7 | L37: 101.5 | M37: 110.5 | N37: 112.1 | O37: 117.4 | P37: 118.4 | Q37: 114 | R37: 115.2 | S37: 112.7 | T37: 114.8 | U37: 110.7 | V37: 111.9 | W37: 111.7 | X37: 109.7 | Y37: 109.8 | Z37: 109 | AA37: 111.5 | AB37: 107.9 | AC37: 110 | AD37: 114.5
A38: Rural | B38: 2014 | C38: January | D38: 118.9 | E38: 117.1 | F38: 120.5 | G38: 114.4 | H38: 109 | I38: 115.5 | J38: 123.9 | K38: 109.6 | L38: 101.8 | M38: 110.2 | N38: 112.4 | O38: 117.3 | P38: 116 | Q38: 114 | R38: 116.5 | S38: 114.5 | T38: 116.2 | U38: NA | V38: 113 | W38: 112.6 | X38: 110.6 | Y38: 110.5 | Z38: 109.6 | AA38: 111.8 | AB38: 108.3 | AC38: 110.6 | AD38: 114.2
A39: Urban | B39: 2014 | C39: January | D39: 121.2 | E39: 122 | F39: 129.9 | G39: 113.6 | H39: 102.9 | I39: 112.1 | J39: 118.9 | K39: 107.5 | L39: 96.9 | M39: 112.7 | N39: 112.1 | O39: 119 | P39: 115.5 | Q39: 115.7 | R39: 114.8 | S39: 111.3 | T39: 114.3 | U39: 111.6 | V39: 111 | W39: 111.9 | X39: 109.7 | Y39: 110.8 | Z39: 109.8 | AA39: 111.5 | AB39: 108 | AC39: 110.5 | AD39: 112.9
A40: Rural+Urban | B40: 2014 | C40: January | D40: 119.6 | E40: 118.8 | F40: 124.1 | G40: 114.1 | H40: 106.8 | I40: 113.9 | J40: 122.2 | K40: 108.9 | L40: 100.2 | M40: 111 | N40: 112.3 | O40: 118.1 | P40: 115.8 | Q40: 114.5 | R40: 115.8 | S40: 113.2 | T40: 115.4 | U40: 111.6 | V40: 112.2 | W40: 112.3 | X40: 110.3 | Y40: 110.7 | Z40: 109.7 | AA40: 111.6 | AB40: 108.2 | AC40: 110.6 | AD40: 113.6
A41: Rural | B41: 2014 | C41: February | D41: 119.4 | E41: 117.7 | F41: 121.2 | G41: 115 | H41: 109 | I41: 116.6 | J41: 116 | K41: 109.8 | L41: 101.1 | M41: 110.4 | N41: 112.9 | O41: 117.8 | P41: 115.3 | Q41: 114.2 | R41: 117.1 | S41: 114.5 | T41: 116.7 | U41: NA | V41: 113.2 | W41: 112.9 | X41: 110.9 | Y41: 110.8 | Z41: 109.9 | AA41: 112 | AB41: 108.7 | AC41: 110.9 | AD41: 114
A42: Urban | B42: 2014 | C42: February | D42: 121.9 | E42: 122 | F42: 124.5 | G42: 115.2 | H42: 102.5 | I42: 114.1 | J42: 111.5 | K42: 108.2 | L42: 95.4 | M42: 113.5 | N42: 112.1 | O42: 119.9 | P42: 115.2 | Q42: 116.2 | R42: 115.3 | S42: 111.7 | T42: 114.7 | U42: 112.5 | V42: 111.1 | W42: 112.6 | X42: 110.4 | Y42: 111.3 | Z42: 110.3 | AA42: 111.6 | AB42: 108.7 | AC42: 111 | AD42: 113.1
A43: Rural+Urban | B43: 2014 | C43: February | D43: 120.2 | E43: 119.2 | F43: 122.5 | G43: 115.1 | H43: 106.6 | I43: 115.4 | J43: 114.5 | K43: 109.3 | L43: 99.2 | M43: 111.4 | N43: 112.6 | O43: 118.8 | P43: 115.3 | Q43: 114.7 | R43: 116.4 | S43: 113.3 | T43: 115.9 | U43: 112.5 | V43: 112.4 | W43: 112.8 | X43: 110.7 | Y43: 111.1 | Z43: 110.1 | AA43: 111.8 | AB43: 108.7 | AC43: 110.9 | AD43: 113.6
A44: Rural | B44: 2014 | C44: March | D44: 120.1 | E44: 118.1 | F44: 120.7 | G44: 116.1 | H44: 109.3 | I44: 119.6 | J44: 117.9 | K44: 110.2 | L44: 101.2 | M44: 110.7 | N44: 113 | O44: 118.3 | P44: 116.2 | Q44: 114.6 | R44: 117.5 | S44: 114.9 | T44: 117.2 | U44: NA | V44: 113.4 | W44: 113.4 | X44: 111.4 | Y44: 111.2 | Z44: 110.2 | AA44: 112.4 | AB44: 108.9 | AC44: 111.3 | AD44: 114.6
A45: Urban | B45: 2014 | C45: March | D45: 122.1 | E45: 121.4 | F45: 121.5 | G45: 116.2 | H45: 102.8 | I45: 117.7 | J45: 113.3 | K45: 108.9 | L45: 96.3 | M45: 114.1 | N45: 112.2 | O45: 120.5 | P45: 116 | Q45: 116.7 | R45: 115.8 | S45: 112.1 | T45: 115.2 | U45: 113.2 | V45: 110.9 | W45: 113 | X45: 110.8 | Y45: 111.6 | Z45: 110.9 | AA45: 111.8 | AB45: 109.2 | AC45: 111.4 | AD45: 113.7
A46: Rural+Urban | B46: 2014 | C46: Marcrh | D46: 120.7 | E46: 119.3 | F46: 121 | G46: 116.1 | H46: 106.9 | I46: 118.7 | J46: 116.3 | K46: 109.8 | L46: 99.6 | M46: 111.8 | N46: 112.7 | O46: 119.3 | P46: 116.1 | Q46: 115.2 | R46: 116.8 | S46: 113.7 | T46: 116.4 | U46: 113.2 | V46: 112.5 | W46: 113.2 | X46: 111.2 | Y46: 111.4 | Z46: 110.6 | AA46: 112 | AB46: 109 | AC46: 111.3 | AD46: 114.2
A47: Rural | B47: 2014 | C47: April | D47: 120.2 | E47: 118.9 | F47: 118.1 | G47: 117 | H47: 109.7 | I47: 125.5 | J47: 120.5 | K47: 111 | L47: 102.6 | M47: 111.2 | N47: 113.5 | O47: 118.7 | P47: 117.2 | Q47: 115.4 | R47: 118.1 | S47: 116.1 | T47: 117.8 | U47: NA | V47: 113.4 | W47: 113.7 | X47: 111.8 | Y47: 111.2 | Z47: 110.5 | AA47: 113 | AB47: 108.9 | AC47: 111.5 | AD47: 115.4
A48: Urban | B48: 2014 | C48: April | D48: 122.5 | E48: 121.7 | F48: 113.3 | G48: 117 | H48: 103.1 | I48: 126.7 | J48: 121.2 | K48: 111 | L48: 100.3 | M48: 115.3 | N48: 112.7 | O48: 121 | P48: 118.2 | Q48: 117.6 | R48: 116.3 | S48: 112.5 | T48: 115.7 | U48: 113.9 | V48: 110.9 | W48: 113.4 | X48: 111 | Y48: 111.2 | Z48: 111.2 | AA48: 112.5 | AB48: 109.1 | AC48: 111.4 | AD48: 114.7
A49: Rural+Urban | B49: 2014 | C49: April | D49: 120.9 | E49: 119.9 | F49: 116.2 | G49: 117 | H49: 107.3 | I49: 126.1 | J49: 120.7 | K49: 111 | L49: 101.8 | M49: 112.6 | N49: 113.2 | O49: 119.8 | P49: 117.6 | Q49: 116 | R49: 117.4 | S49: 114.6 | T49: 117 | U49: 113.9 | V49: 112.5 | W49: 113.6 | X49: 111.5 | Y49: 111.2 | Z49: 110.9 | AA49: 112.7 | AB49: 109 | AC49: 111.5 | AD49: 115.1
A50: Rural | B50: 2014 | C50: May | D50: 120.3 | E50: 120.2 | F50: 116.9 | G50: 118 | H50: 110.1 | I50: 126.3 | J50: 123.9 | K50: 111.5 | L50: 103.5 | M50: 111.6 | N50: 114.2 | O50: 119.2 | P50: 118.2 | Q50: 116.3 | R50: 118.7 | S50: 116.8 | T50: 118.5 | U50: NA | V50: 113.4 | W50: 114.1 | X50: 112.1 | Y50: 111.4 | Z50: 110.9 | AA50: 113.1 | AB50: 108.9 | AC50: 111.8 | AD50: 116
A51: Urban | B51: 2014 | C51: May | D51: 122.7 | E51: 124.1 | F51: 114.2 | G51: 119.1 | H51: 103.5 | I51: 129.2 | J51: 127 | K51: 112.6 | L51: 101.3 | M51: 117 | N51: 112.9 | O51: 121.7 | P51: 120 | Q51: 118.3 | R51: 116.8 | S51: 112.9 | T51: 116.2 | U51: 114.3 | V51: 111.1 | W51: 114.1 | X51: 111.2 | Y51: 111.3 | Z51: 111.5 | AA51: 112.9 | AB51: 109.3 | AC51: 111.7 | AD51: 115.6
A52: Rural+Urban | B52: 2014 | C52: May | D52: 121.1 | E52: 121.6 | F52: 115.9 | G52: 118.4 | H52: 107.7 | I52: 127.7 | J52: 125 | K52: 111.9 | L52: 102.8 | M52: 113.4 | N52: 113.7 | O52: 120.4 | P52: 118.9 | Q52: 116.8 | R52: 118 | S52: 115.2 | T52: 117.6 | U52: 114.3 | V52: 112.5 | W52: 114.1 | X52: 111.8 | Y52: 111.3 | Z52: 111.2 | AA52: 113 | AB52: 109.1 | AC52: 111.8 | AD52: 115.8
A53: Rural | B53: 2014 | C53: June | D53: 120.7 | E53: 121.6 | F53: 116.1 | G53: 119.3 | H53: 110.3 | I53: 125.8 | J53: 129.3 | K53: 112.2 | L53: 103.6 | M53: 112.3 | N53: 114.9 | O53: 120.1 | P53: 119.5 | Q53: 117.3 | R53: 119.7 | S53: 117.3 | T53: 119.3 | U53: NA | V53: 114.4 | W53: 114.9 | X53: 112.8 | Y53: 112.2 | Z53: 111.4 | AA53: 114.3 | AB53: 108 | AC53: 112.3 | AD53: 117
A54: Urban | B54: 2014 | C54: June | D54: 123.1 | E54: 125.9 | F54: 115.4 | G54: 120.4 | H54: 103.4 | I54: 131.2 | J54: 137.5 | K54: 112.8 | L54: 101.4 | M54: 118.3 | N54: 113.2 | O54: 122.4 | P54: 122 | Q54: 119 | R54: 117.4 | S54: 113.2 | T54: 116.7 | U54: 113.9 | V54: 111.2 | W54: 114.3 | X54: 111.4 | Y54: 111.5 | Z54: 111.8 | AA54: 115.1 | AB54: 108.7 | AC54: 112.2 | AD54: 116.4
A55: Rural+Urban | B55: 2014 | C55: June | D55: 121.5 | E55: 123.1 | F55: 115.8 | G55: 119.7 | H55: 107.8 | I55: 128.3 | J55: 132.1 | K55: 112.4 | L55: 102.9 | M55: 114.3 | N55: 114.2 | O55: 121.2 | P55: 120.4 | Q55: 117.8 | R55: 118.8 | S55: 115.6 | T55: 118.3 | U55: 113.9 | V55: 113.2 | W55: 114.6 | X55: 112.3 | Y55: 111.8 | Z55: 111.6 | AA55: 114.8 | AB55: 108.3 | AC55: 112.3 | AD55: 116.7
A56: Rural | B56: 2014 | C56: July | D56: 121.7 | E56: 122.5 | F56: 117.7 | G56: 120.6 | H56: 110.4 | I56: 129.1 | J56: 150.1 | K56: 113.2 | L56: 104.8 | M56: 113.3 | N56: 115.6 | O56: 120.9 | P56: 123.3 | Q56: 118 | R56: 120.7 | S56: 118.3 | T56: 120.3 | U56: NA | V56: 115.3 | W56: 115.4 | X56: 113.4 | Y56: 113.2 | Z56: 111.8 | AA56: 115.5 | AB56: 108.8 | AC56: 113.1 | AD56: 119.5
A57: Urban | B57: 2014 | C57: July | D57: 123.8 | E57: 126.4 | F57: 118 | G57: 121.6 | H57: 103.5 | I57: 133.7 | J57: 172.4 | K57: 113.1 | L57: 102.7 | M57: 120 | N57: 113.8 | O57: 123.4 | P57: 127.1 | Q57: 121 | R57: 118 | S57: 113.6 | T57: 117.4 | U57: 114.8 | V57: 111.6 | W57: 114.9 | X57: 111.5 | Y57: 113 | Z57: 112.4 | AA57: 117.8 | AB57: 109.7 | AC57: 113.5 | AD57: 118.9
A58: Rural+Urban | B58: 2014 | C58: July | D58: 122.4 | E58: 123.9 | F58: 117.8 | G58: 121 | H58: 107.9 | I58: 131.2 | J58: 157.7 | K58: 113.2 | L58: 104.1 | M58: 115.5 | N58: 114.8 | O58: 122.1 | P58: 124.7 | Q58: 118.8 | R58: 119.6 | S58: 116.3 | T58: 119.1 | U58: 114.8 | V58: 113.9 | W58: 115.2 | X58: 112.7 | Y58: 113.1 | Z58: 112.1 | AA58: 116.8 | AB58: 109.2 | AC58: 113.3 | AD58: 119.2
A59: Rural | B59: 2014 | C59: August | D59: 121.8 | E59: 122.8 | F59: 117.8 | G59: 121.9 | H59: 110.6 | I59: 129.7 | J59: 161.1 | K59: 114.1 | L59: 105.1 | M59: 114.6 | N59: 115.8 | O59: 121.7 | P59: 125.3 | Q59: 118.8 | R59: 120.9 | S59: 118.8 | T59: 120.7 | U59: NA | V59: 115.4 | W59: 115.9 | X59: 114 | Y59: 113.2 | Z59: 112.2 | AA59: 116.2 | AB59: 109.4 | AC59: 113.5 | AD59: 120.7
A60: Urban | B60: 2014 | C60: August | D60: 124.8 | E60: 127.3 | F60: 116.5 | G60: 122.2 | H60: 103.6 | I60: 132.7 | J60: 181.9 | K60: 115.2 | L60: 102.7 | M60: 122.1 | N60: 114.4 | O60: 124.7 | P60: 128.9 | Q60: 123 | R60: 118.6 | S60: 114.1 | T60: 117.9 | U60: 115.5 | V60: 111.8 | W60: 115.3 | X60: 112.2 | Y60: 112.5 | Z60: 112.9 | AA60: 119.2 | AB60: 110.5 | AC60: 113.9 | AD60: 119.9
A61: Rural+Urban | B61: 2014 | C61: August | D61: 122.7 | E61: 124.4 | F61: 117.3 | G61: 122 | H61: 108 | I61: 131.1 | J61: 168.2 | K61: 114.5 | L61: 104.3 | M61: 117.1 | N61: 115.2 | O61: 123.1 | P61: 126.6 | Q61: 119.9 | R61: 120 | S61: 116.8 | T61: 119.6 | U61: 115.5 | V61: 114 | W61: 115.6 | X61: 113.3 | Y61: 112.8 | Z61: 112.6 | AA61: 118 | AB61: 109.9 | AC61: 113.7 | AD61: 120.3
A62: Rural | B62: 2014 | C62: September | D62: 122.3 | E62: 122.4 | F62: 117.8 | G62: 122.7 | H62: 110.4 | I62: 129.8 | J62: 158.8 | K62: 115 | L62: 104.7 | M62: 114.9 | N62: 116.5 | O62: 122.6 | P62: 125.3 | Q62: 119.5 | R62: 121.7 | S62: 119.2 | T62: 121.3 | U62: NA | V62: 115.8 | W62: 116.7 | X62: 114.5 | Y62: 112.8 | Z62: 112.6 | AA62: 116.6 | AB62: 109.1 | AC62: 113.7 | AD62: 120.9
A63: Urban | B63: 2014 | C63: September | D63: 124.2 | E63: 125.4 | F63: 116.4 | G63: 122.7 | H63: 103.5 | I63: 124.5 | J63: 168.6 | K63: 116.9 | L63: 101.9 | M63: 122.9 | N63: 114.8 | O63: 125.2 | P63: 126.7 | Q63: 124.3 | R63: 119.2 | S63: 114.5 | T63: 118.4 | U63: 116.1 | V63: 111.8 | W63: 115.5 | X63: 112.3 | Y63: 111.2 | Z63: 113.4 | AA63: 120 | AB63: 110 | AC63: 113.6 | AD63: 119.2
A64: Rural+Urban | B64: 2014 | C64: September | D64: 122.9 | E64: 123.5 | F64: 117.3 | G64: 122.7 | H64: 107.9 | I64: 127.3 | J64: 162.1 | K64: 115.6 | L64: 103.8 | M64: 117.6 | N64: 115.8 | O64: 123.8 | P64: 125.8 | Q64: 120.8 | R64: 120.7 | S64: 117.2 | T64: 120.1 | U64: 116.1 | V64: 114.3 | W64: 116.1 | X64: 113.7 | Y64: 112 | Z64: 113.1 | AA64: 118.6 | AB64: 109.5 | AC64: 113.7 | AD64: 120.1
A65: Rural | B65: 2014 | C65: October | D65: 122.6 | E65: 122.5 | F65: 118.3 | G65: 123.2 | H65: 110.5 | I65: 128.9 | J65: 155.3 | K65: 115.5 | L65: 104 | M65: 115.3 | N65: 116.8 | O65: 123.2 | P65: 125.1 | Q65: 120 | R65: 122.7 | S65: 120.3 | T65: 122.3 | U65: NA | V65: 116.4 | W65: 117.5 | X65: 115.3 | Y65: 112.6 | Z65: 113 | AA65: 116.9 | AB65: 109.3 | AC65: 114 | AD65: 121
A66: Urban | B66: 2014 | C66: October | D66: 124.6 | E66: 126.1 | F66: 117.8 | G66: 123.1 | H66: 103.5 | I66: 123.5 | J66: 159.6 | K66: 117.4 | L66: 101.2 | M66: 123.8 | N66: 115.2 | O66: 125.9 | P66: 125.8 | Q66: 124.3 | R66: 119.6 | S66: 114.9 | T66: 118.9 | U66: 116.7 | V66: 112 | W66: 115.8 | X66: 112.6 | Y66: 111 | Z66: 113.6 | AA66: 120.2 | AB66: 110.1 | AC66: 113.7 | AD66: 119.1
A67: Rural+Urban | B67: 2014 | C67: October | D67: 123.2 | E67: 123.8 | F67: 118.1 | G67: 123.2 | H67: 107.9 | I67: 126.4 | J67: 156.8 | K67: 116.1 | L67: 103.1 | M67: 118.1 | N67: 116.1 | O67: 124.5 | P67: 125.4 | Q67: 121.1 | R67: 121.5 | S67: 118.1 | T67: 121 | U67: 116.7 | V67: 114.7 | W67: 116.7 | X67: 114.3 | Y67: 111.8 | Z67: 113.3 | AA67: 118.8 | AB67: 109.6 | AC67: 113.9 | AD67: 120.1
A68: Rural | B68: 2014 | C68: November | D68: 122.7 | E68: 122.6 | F68: 119.9 | G68: 124 | H68: 110.5 | I68: 128.8 | J68: 152 | K68: 116.2 | L68: 103.3 | M68: 115.8 | N68: 116.8 | O68: 124.5 | P68: 124.9 | Q68: 120.8 | R68: 123.3 | S68: 120.5 | T68: 122.9 | U68: NA | V68: 117.3 | W68: 118.1 | X68: 115.9 | Y68: 112 | Z68: 113.3 | AA68: 117.2 | AB68: 108.8 | AC68: 114.1 | AD68: 121.1
A69: Urban | B69: 2014 | C69: November | D69: 124.5 | E69: 125.6 | F69: 122.7 | G69: 124.6 | H69: 103.2 | I69: 122.2 | J69: 153.2 | K69: 119.3 | L69: 99.8 | M69: 124.6 | N69: 115.8 | O69: 126.9 | P69: 125.4 | Q69: 125.8 | R69: 120.3 | S69: 115.4 | T69: 119.5 | U69: 117.1 | V69: 112.6 | W69: 116.4 | X69: 113 | Y69: 109.7 | Z69: 114 | AA69: 120.3 | AB69: 109.6 | AC69: 113.4 | AD69: 119
A70: Rural+Urban | B70: 2014 | C70: November | D70: 123.3 | E70: 123.7 | F70: 121 | G70: 124.2 | H70: 107.8 | I70: 125.7 | J70: 152.4 | K70: 117.2 | L70: 102.1 | M70: 118.7 | N70: 116.4 | O70: 125.6 | P70: 125.1 | Q70: 122.1 | R70: 122.1 | S70: 118.4 | T70: 121.6 | U70: 117.1 | V70: 115.5 | W70: 117.3 | X70: 114.8 | Y70: 110.8 | Z70: 113.7 | AA70: 119 | AB70: 109.1 | AC70: 113.8 | AD70: 120.1
A71: Rural | B71: 2014 | C71: December | D71: 122.4 | E71: 122.4 | F71: 121.8 | G71: 124.2 | H71: 110.2 | I71: 128.6 | J71: 140.3 | K71: 116.3 | L71: 102 | M71: 116 | N71: 117.3 | O71: 124.8 | P71: 123.3 | Q71: 121.7 | R71: 123.8 | S71: 120.6 | T71: 123.3 | U71: NA | V71: 117.4 | W71: 118.2 | X71: 116.2 | Y71: 111.5 | Z71: 113.3 | AA71: 117.7 | AB71: 109.4 | AC71: 114.2 | AD71: 120.3
A72: Urban | B72: 2014 | C72: December | D72: 124 | E72: 124.7 | F72: 126.3 | G72: 124.9 | H72: 103 | I72: 122.3 | J72: 141 | K72: 120.1 | L72: 97.8 | M72: 125.4 | N72: 116.1 | O72: 127.6 | P72: 124 | Q72: 126.4 | R72: 120.7 | S72: 115.8 | T72: 120 | U72: 116.5 | V72: 113 | W72: 116.8 | X72: 113.2 | Y72: 108.8 | Z72: 114.3 | AA72: 120.7 | AB72: 110.4 | AC72: 113.4 | AD72: 118.4
A73: Rural+Urban | B73: 2014 | C73: December | D73: 122.9 | E73: 123.2 | F73: 123.5 | G73: 124.5 | H73: 107.6 | I73: 125.7 | J73: 140.5 | K73: 117.6 | L73: 100.6 | M73: 119.1 | N73: 116.8 | O73: 126.1 | P73: 123.6 | Q73: 123 | R73: 122.6 | S73: 118.6 | T73: 122 | U73: 116.5 | V73: 115.7 | W73: 117.5 | X73: 115.1 | Y73: 110.1 | Z73: 113.9 | AA73: 119.5 | AB73: 109.8 | AC73: 113.8 | AD73: 119.4
A74: Rural | B74: 2015 | C74: January | D74: 123.1 | E74: 123.1 | F74: 122.1 | G74: 124.9 | H74: 111 | I74: 130.4 | J74: 132.3 | K74: 117.2 | L74: 100.5 | M74: 117.2 | N74: 117.9 | O74: 125.6 | P74: 122.8 | Q74: 122.7 | R74: 124.4 | S74: 121.6 | T74: 124 | U74: NA | V74: 118.4 | W74: 118.9 | X74: 116.6 | Y74: 111 | Z74: 114 | AA74: 118.2 | AB74: 110.2 | AC74: 114.5 | AD74: 120.3
A75: Urban | B75: 2015 | C75: January | D75: 124 | E75: 125.5 | F75: 126.6 | G75: 125.2 | H75: 104.3 | I75: 121.3 | J75: 134.4 | K75: 122.9 | L75: 96.1 | M75: 126.6 | N75: 116.5 | O75: 128 | P75: 123.5 | Q75: 127.4 | R75: 121 | S75: 116.1 | T75: 120.2 | U75: 117.3 | V75: 113.4 | W75: 117.2 | X75: 113.7 | Y75: 107.9 | Z75: 114.6 | AA75: 120.8 | AB75: 111.4 | AC75: 113.4 | AD75: 118.5
A76: Rural+Urban | B76: 2015 | C76: January | D76: 123.4 | E76: 123.9 | F76: 123.8 | G76: 125 | H76: 108.5 | I76: 126.2 | J76: 133 | K76: 119.1 | L76: 99 | M76: 120.3 | N76: 117.3 | O76: 126.7 | P76: 123.1 | Q76: 124 | R76: 123.1 | S76: 119.3 | T76: 122.5 | U76: 117.3 | V76: 116.5 | W76: 118.1 | X76: 115.5 | Y76: 109.4 | Z76: 114.3 | AA76: 119.7 | AB76: 110.7 | AC76: 114 | AD76: 119.5
A77: Rural | B77: 2015 | C77: February | D77: 123.4 | E77: 124.4 | F77: 122.1 | G77: 125.8 | H77: 111.5 | I77: 129.4 | J77: 128.2 | K77: 118.8 | L77: 100 | M77: 118.6 | N77: 118.8 | O77: 126.8 | P77: 122.8 | Q77: 124.2 | R77: 125.4 | S77: 122.7 | T77: 125 | U77: NA | V77: 120 | W77: 119.6 | X77: 117.7 | Y77: 110.9 | Z77: 114.8 | AA77: 118.7 | AB77: 110.8 | AC77: 115 | AD77: 120.6
A78: Urban | B78: 2015 | C78: February | D78: 124.3 | E78: 126.5 | F78: 119.5 | G78: 125.6 | H78: 104.9 | I78: 121.6 | J78: 131.8 | K78: 125.1 | L78: 95 | M78: 127.7 | N78: 116.8 | O78: 128.6 | P78: 123.7 | Q78: 128.1 | R78: 121.3 | S78: 116.5 | T78: 120.6 | U78: 118.1 | V78: 114 | W78: 117.7 | X78: 114.1 | Y78: 106.8 | Z78: 114.9 | AA78: 120.4 | AB78: 111.7 | AC78: 113.2 | AD78: 118.7
A79: Rural+Urban | B79: 2015 | C79: February | D79: 123.7 | E79: 125.1 | F79: 121.1 | G79: 125.7 | H79: 109.1 | I79: 125.8 | J79: 129.4 | K79: 120.9 | L79: 98.3 | M79: 121.6 | N79: 118 | O79: 127.6 | P79: 123.1 | Q79: 125.2 | R79: 123.8 | S79: 120.1 | T79: 123.3 | U79: 118.1 | V79: 117.7 | W79: 118.7 | X79: 116.3 | Y79: 108.7 | Z79: 114.9 | AA79: 119.7 | AB79: 111.2 | AC79: 114.1 | AD79: 119.7
A80: Rural | B80: 2015 | C80: March | D80: 123.3 | E80: 124.7 | F80: 118.9 | G80: 126 | H80: 111.8 | I80: 130.9 | J80: 128 | K80: 119.9 | L80: 98.9 | M80: 119.4 | N80: 118.9 | O80: 127.7 | P80: 123.1 | Q80: 124.7 | R80: 126 | S80: 122.9 | T80: 125.5 | U80: NA | V80: 120.6 | W80: 120.2 | X80: 118.2 | Y80: 111.6 | Z80: 115.5 | AA80: 119.4 | AB80: 110.8 | AC80: 115.5 | AD80: 121.1
A81: Urban | B81: 2015 | C81: March | D81: 124 | E81: 126.7 | F81: 113.5 | G81: 125.9 | H81: 104.8 | I81: 123.8 | J81: 131.4 | K81: 127.2 | L81: 93.2 | M81: 127.4 | N81: 117 | O81: 129.2 | P81: 123.9 | Q81: 128.8 | R81: 121.7 | S81: 116.9 | T81: 120.9 | U81: 118.6 | V81: 114.4 | W81: 118 | X81: 114.3 | Y81: 108.4 | Z81: 115.4 | AA81: 120.6 | AB81: 111.3 | AC81: 113.8 | AD81: 119.1
A82: Rural+Urban | B82: 2015 | C82: March | D82: 123.5 | E82: 125.4 | F82: 116.8 | G82: 126 | H82: 109.2 | I82: 127.6 | J82: 129.2 | K82: 122.4 | L82: 97 | M82: 122.1 | N82: 118.1 | O82: 128.4 | P82: 123.4 | Q82: 125.8 | R82: 124.3 | S82: 120.4 | T82: 123.7 | U82: 118.6 | V82: 118.3 | W82: 119.2 | X82: 116.7 | Y82: 109.9 | Z82: 115.4 | AA82: 120.1 | AB82: 111 | AC82: 114.7 | AD82: 120.2
A83: Rural | B83: 2015 | C83: April | D83: 123.3 | E83: 125.5 | F83: 117.2 | G83: 126.8 | H83: 111.9 | I83: 134.2 | J83: 127.5 | K83: 121.5 | L83: 97.8 | M83: 119.8 | N83: 119.4 | O83: 128.7 | P83: 123.6 | Q83: 125.7 | R83: 126.4 | S83: 123.3 | T83: 126 | U83: NA | V83: 121.2 | W83: 120.9 | X83: 118.6 | Y83: 111.9 | Z83: 116.2 | AA83: 119.9 | AB83: 111.6 | AC83: 116 | AD83: 121.5
A84: Urban | B84: 2015 | C84: April | D84: 123.8 | E84: 128.2 | F84: 110 | G84: 126.3 | H84: 104.5 | I84: 130.6 | J84: 130.8 | K84: 131.3 | L84: 91.6 | M84: 127.7 | N84: 117.2 | O84: 129.5 | P84: 124.6 | Q84: 130.1 | R84: 122.1 | S84: 117.2 | T84: 121.3 | U84: 119.2 | V84: 114.7 | W84: 118.4 | X84: 114.6 | Y84: 108.4 | Z84: 115.6 | AA84: 121.7 | AB84: 111.8 | AC84: 114.2 | AD84: 119.7
A85: Rural+Urban | B85: 2015 | C85: April | D85: 123.5 | E85: 126.4 | F85: 114.4 | G85: 126.6 | H85: 109.2 | I85: 132.5 | J85: 128.6 | K85: 124.8 | L85: 95.7 | M85: 122.4 | N85: 118.5 | O85: 129.1 | P85: 124 | Q85: 126.9 | R85: 124.7 | S85: 120.8 | T85: 124.1 | U85: 119.2 | V85: 118.7 | W85: 119.7 | X85: 117.1 | Y85: 110.1 | Z85: 115.9 | AA85: 121 | AB85: 111.7 | AC85: 115.1 | AD85: 120.7
A86: Rural | B86: 2015 | C86: May | D86: 123.5 | E86: 127.1 | F86: 117.3 | G86: 127.7 | H86: 112.5 | I86: 134.1 | J86: 128.5 | K86: 124.3 | L86: 97.6 | M86: 120.7 | N86: 120.2 | O86: 129.8 | P86: 124.4 | Q86: 126.7 | R86: 127.3 | S86: 124.1 | T86: 126.8 | U86: NA | V86: 121.9 | W86: 121.5 | X86: 119.4 | Y86: 113.3 | Z86: 116.7 | AA86: 120.5 | AB86: 112.3 | AC86: 116.9 | AD86: 122.4
A87: Urban | B87: 2015 | C87: May | D87: 123.8 | E87: 129.7 | F87: 111.3 | G87: 126.6 | H87: 105.2 | I87: 130.8 | J87: 135.6 | K87: 142.6 | L87: 90.8 | M87: 128.8 | N87: 117.7 | O87: 129.9 | P87: 126.1 | Q87: 131.3 | R87: 122.4 | S87: 117.4 | T87: 121.6 | U87: 119.6 | V87: 114.9 | W87: 118.7 | X87: 114.9 | Y87: 110.8 | Z87: 116 | AA87: 122 | AB87: 112.4 | AC87: 115.2 | AD87: 120.7
A88: Rural+Urban | B88: 2015 | C88: May | D88: 123.6 | E88: 128 | F88: 115 | G88: 127.3 | H88: 109.8 | I88: 132.6 | J88: 130.9 | K88: 130.5 | L88: 95.3 | M88: 123.4 | N88: 119.2 | O88: 129.8 | P88: 125 | Q88: 127.9 | R88: 125.4 | S88: 121.3 | T88: 124.7 | U88: 119.6 | V88: 119.2 | W88: 120.2 | X88: 117.7 | Y88: 112 | Z88: 116.3 | AA88: 121.4 | AB88: 112.3 | AC88: 116.1 | AD88: 121.6
A89: Rural | B89: 2015 | C89: June | D89: 124.1 | E89: 130.4 | F89: 122.1 | G89: 128.7 | H89: 114.1 | I89: 133.2 | J89: 135.2 | K89: 131.9 | L89: 96.3 | M89: 123 | N89: 121.1 | O89: 131.2 | P89: 126.6 | Q89: 128.2 | R89: 128.4 | S89: 125.1 | T89: 128 | U89: NA | V89: 122.6 | W89: 122.8 | X89: 120.4 | Y89: 114.2 | Z89: 117.9 | AA89: 122 | AB89: 113 | AC89: 117.9 | AD89: 124.1
A90: Urban | B90: 2015 | C90: June | D90: 123.6 | E90: 134.4 | F90: 120.9 | G90: 127.3 | H90: 106 | I90: 132.3 | J90: 146.7 | K90: 148.1 | L90: 89.8 | M90: 130.5 | N90: 118 | O90: 130.5 | P90: 128.5 | Q90: 132.1 | R90: 123.2 | S90: 117.6 | T90: 122.3 | U90: 119 | V90: 115.1 | W90: 119.2 | X90: 115.4 | Y90: 111.7 | Z90: 116.2 | AA90: 123.8 | AB90: 112.5 | AC90: 116 | AD90: 121.7
A91: Rural+Urban | B91: 2015 | C91: June | D91: 123.9 | E91: 131.8 | F91: 121.6 | G91: 128.2 | H91: 111.1 | I91: 132.8 | J91: 139.1 | K91: 137.4 | L91: 94.1 | M91: 125.5 | N91: 119.8 | O91: 130.9 | P91: 127.3 | Q91: 129.2 | R91: 126.4 | S91: 122 | T91: 125.7 | U91: 119 | V91: 119.8 | W91: 121.1 | X91: 118.5 | Y91: 112.9 | Z91: 116.9 | AA91: 123.1 | AB91: 112.8 | AC91: 117 | AD91: 123
A92: Rural | B92: 2015 | C92: July | D92: 124 | E92: 131.5 | F92: 122 | G92: 128.7 | H92: 113.5 | I92: 133.3 | J92: 140.8 | K92: 133.8 | L92: 94.1 | M92: 123.4 | N92: 121 | O92: 131.7 | P92: 127.5 | Q92: 129.4 | R92: 128.8 | S92: 125.5 | T92: 128.3 | U92: NA | V92: 123 | W92: 123 | X92: 120.8 | Y92: 114.1 | Z92: 118 | AA92: 122.9 | AB92: 112.7 | AC92: 118.1 | AD92: 124.7
A93: Urban | B93: 2015 | C93: July | D93: 123.2 | E93: 134.3 | F93: 119.5 | G93: 127.7 | H93: 106.3 | I93: 132.8 | J93: 153.5 | K93: 149.5 | L93: 85.7 | M93: 131.5 | N93: 118.3 | O93: 131.1 | P93: 129.5 | Q93: 133.1 | R93: 123.5 | S93: 117.9 | T93: 122.7 | U93: 119.9 | V93: 115.3 | W93: 119.5 | X93: 116 | Y93: 111.5 | Z93: 116.6 | AA93: 125.4 | AB93: 111.7 | AC93: 116.3 | AD93: 122.4
A94: Rural+Urban | B94: 2015 | C94: July | D94: 123.7 | E94: 132.5 | F94: 121 | G94: 128.3 | H94: 110.9 | I94: 133.1 | J94: 145.1 | K94: 139.1 | L94: 91.3 | M94: 126.1 | N94: 119.9 | O94: 131.4 | P94: 128.2 | Q94: 130.4 | R94: 126.7 | S94: 122.3 | T94: 126.1 | U94: 119.9 | V94: 120.1 | W94: 121.3 | X94: 119 | Y94: 112.7 | Z94: 117.2 | AA94: 124.4 | AB94: 112.3 | AC94: 117.2 | AD94: 123.6
A95: Rural | B95: 2015 | C95: August | D95: 124.7 | E95: 131.3 | F95: 121.3 | G95: 128.8 | H95: 114 | I95: 134.2 | J95: 153.6 | K95: 137.9 | L95: 93.1 | M95: 123.9 | N95: 121.5 | O95: 132.5 | P95: 129.8 | Q95: 130.1 | R95: 129.5 | S95: 126.3 | T95: 129 | U95: NA | V95: 123.8 | W95: 123.7 | X95: 121.1 | Y95: 113.6 | Z95: 118.5 | AA95: 123.6 | AB95: 112.5 | AC95: 118.2 | AD95: 126.1
A96: Urban | B96: 2015 | C96: August | D96: 123.1 | E96: 131.7 | F96: 118.1 | G96: 128 | H96: 106.8 | I96: 130.1 | J96: 165.5 | K96: 156 | L96: 85.3 | M96: 132.7 | N96: 118.8 | O96: 131.7 | P96: 131.1 | Q96: 134.2 | R96: 123.7 | S96: 118.2 | T96: 122.9 | U96: 120.9 | V96: 115.3 | W96: 120 | X96: 116.6 | Y96: 109.9 | Z96: 117.2 | AA96: 126.2 | AB96: 112 | AC96: 116.2 | AD96: 123.2
A97: Rural+Urban | B97: 2015 | C97: August | D97: 124.2 | E97: 131.4 | F97: 120.1 | G97: 128.5 | H97: 111.4 | I97: 132.3 | J97: 157.6 | K97: 144 | L97: 90.5 | M97: 126.8 | N97: 120.4 | O97: 132.1 | P97: 130.3 | Q97: 131.2 | R97: 127.2 | S97: 122.9 | T97: 126.6 | U97: 120.9 | V97: 120.6 | W97: 122 | X97: 119.4 | Y97: 111.7 | Z97: 117.8 | AA97: 125.1 | AB97: 112.3 | AC97: 117.2 | AD97: 124.8
A98: Rural | B98: 2015 | C98: September | D98: 125.1 | E98: 131.1 | F98: 120.7 | G98: 129.2 | H98: 114.7 | I98: 132.3 | J98: 158.9 | K98: 142.1 | L98: 92.5 | M98: 125.4 | N98: 121.9 | O98: 132.7 | P98: 131 | Q98: 131 | R98: 130.4 | S98: 126.8 | T98: 129.9 | U98: NA | V98: 123.7 | W98: 124.5 | X98: 121.4 | Y98: 113.8 | Z98: 119.6 | AA98: 124.5 | AB98: 113.7 | AC98: 118.8 | AD98: 127
A99: Urban | B99: 2015 | C99: September | D99: 123.4 | E99: 129 | F99: 115.6 | G99: 128.3 | H99: 107 | I99: 124 | J99: 168.5 | K99: 165.4 | L99: 86.3 | M99: 134.4 | N99: 119.1 | O99: 132.3 | P99: 131.5 | Q99: 134.7 | R99: 124 | S99: 118.6 | T99: 123.2 | U99: 121.6 | V99: 115.1 | W99: 120.4 | X99: 117.1 | Y99: 109.1 | Z99: 117.3 | AA99: 126.5 | AB99: 112.9 | AC99: 116.2 | AD99: 123.5
A100: Rural+Urban | B100: 2015 | C100: September | D100: 124.6 | E100: 130.4 | F100: 118.7 | G100: 128.9 | H100: 111.9 | I100: 128.4 | J100: 162.2 | K100: 150 | L100: 90.4 | M100: 128.4 | N100: 120.7 | O100: 132.5 | P100: 131.2 | Q100: 132 | R100: 127.9 | S100: 123.4 | T100: 127.2 | U100: 121.6 | V100: 120.4 | W100: 122.6 | X100: 119.8 | Y100: 111.3 | Z100: 118.3 | AA100: 125.7 | AB100: 113.4 | AC100: 117.5 | AD100: 125.4
...

Sheet Main Data
A1: Mean | B1: =AVERAGE(B7:B378) -> 2017.7097 | C1: =AVERAGE(C7:C378) -> #DIV/0! | D1: =AVERAGE(D7:D378) -> 136.68591 | F1: =AVERAGE(F7:F378) -> 156.26475 | H1: =AVERAGE(H7:H378) -> 140.87737 | I1: =AVERAGE(I7:I378) -> 140.42715 | J1: =AVERAGE(J7:J378) -> 132.14216 | K1: =AVERAGE(K7:K378) -> 140.88768 | L1: =AVERAGE(L7:L378) -> 155.83987 | M1: =AVERAGE(M7:M378) -> 141.47961 | N1: =AVERAGE(N7:N378) -> 110.96062 | O1: =AVERAGE(O7:O378) -> 144.62012 | ... Q1: =AVERAGE(Q7:Q378) -> 149.08716 | S1: =AVERAGE(S7:S378) -> 142.59418 | T1: =AVERAGE(T7:T378) -> 155.38579 | V1: =AVERAGE(V7:V378) -> 142.66366 | X1: =AVERAGE(X7:X378) -> 135.97732 | Z1: =AVERAGE(Z7:Z378) -> 141.67432 | AB1: =AVERAGE(AB7:AB378) -> 139.2561 | AE1: =AVERAGE(AE7:AE378) -> 136.51003 | AG1: =AVERAGE(AG7:AG378) -> 136.68689 | AI1: =AVERAGE(AI7:AI378) -> 138.5168 | AJ1: =AVERAGE(AJ7:AJ378) -> 127.17049 | AL1: =AVERAGE(AL7:AL378) -> 133.8918 | AN1: =AVERAGE(AN7:AN378) -> 141.13115 | AP1: =AVERAGE(AP7:AP378) -> 133.35 | AR1: =AVERAGE(AR7:AR378) -> 134.23579 | AT1: =AVERAGE(AT7:AT378) -> 139.56448
A2: Median | B2: =MEDIAN(B7:B378) -> 2018 | C2: =MEDIAN(C7:C378) -> #NUM! | D2: =MEDIAN(D7:D378) -> 135.9 | F2: =MEDIAN(F7:F378) -> 144.2 | H2: =MEDIAN(H7:H378) -> 135.75 | I2: =MEDIAN(I7:I378) -> 141.15 | J2: =MEDIAN(J7:J378) -> 120.6 | K2: =MEDIAN(K7:K378) -> 141.5 | L2: =MEDIAN(L7:L378) -> 153.6 | M2: =MEDIAN(M7:M378) -> 139.65 | N2: =MEDIAN(N7:N378) -> 113.4 | O2: =MEDIAN(O7:O378) -> 139.6 | ... Q2: =MEDIAN(Q7:Q378) -> 149.35 | S2: =MEDIAN(S7:S378) -> 138.65 | T2: =MEDIAN(T7:T378) -> 155.6 | V2: =MEDIAN(V7:V378) -> 142.85 | X2: =MEDIAN(X7:X378) -> 133.1 | Z2: =MEDIAN(Z7:Z378) -> 141.5 | AB2: =MEDIAN(AB7:AB378) -> 141.3 | AE2: =MEDIAN(AE7:AE378) -> 132.2 | AG2: =MEDIAN(AG7:AG378) -> 135 | AI2: =MEDIAN(AI7:AI378) -> 133.6 | AJ2: =MEDIAN(AJ7:AJ378) -> 119.7 | AL2: =MEDIAN(AL7:AL378) -> 129.85 | AN2: =MEDIAN(AN7:AN378) -> 139.95 | AP2: =MEDIAN(AP7:AP378) -> 127.65 | AR2: =MEDIAN(AR7:AR378) -> 129.65 | AT2: =MEDIAN(AT7:AT378) -> 137.15
A3: Mode | B3: =MODE(B7:B378) -> 2013 | C3: =MODE(C7:C378) -> #N/A | D3: =MODE(D7:D378) -> 124 | F3: =MODE(F7:F378) -> 143.7 | H3: =MODE(H7:H378) -> 117.8 | I3: =MODE(I7:I378) -> 153.3 | J3: =MODE(J7:J378) -> 118.1 | K3: =MODE(K7:K378) -> 147.2 | L3: =MODE(L7:L378) -> 129.2 | M3: =MODE(M7:M378) -> 164 | N3: =MODE(N7:N378) -> 121.9 | O3: =MODE(O7:O378) -> 135.6 | ... Q3: =MODE(Q7:Q378) -> 161.8 | S3: =MODE(S7:S378) -> 131.8 | T3: =MODE(T7:T378) -> 196.5 | V3: =MODE(V7:V378) -> 115.8 | X3: =MODE(X7:X378) -> 146.1 | Z3: =MODE(Z7:Z378) -> 129 | AB3: =MODE(AB7:AB378) -> 100.4 | AE3: =MODE(AE7:AE378) -> 113.4 | AG3: =MODE(AG7:AG378) -> 146.4 | AI3: =MODE(AI7:AI378) -> 109.7 | AJ3: =MODE(AJ7:AJ378) -> 109.3 | AL3: =MODE(AL7:AL378) -> 104 | AN3: =MODE(AN7:AN378) -> 155.5 | AP3: =MODE(AP7:AP378) -> 104.3 | AR3: =MODE(AR7:AR378) -> 113.7 | AT3: =MODE(AT7:AT378) -> 114.2
A6: Sector | B6: Year | C6: Month | D6: Cereals and products | F6: Meat and fish | H6: Egg | I6: Milk and products | J6: Oils and fats | K6: Fruits | L6: Vegetables | M6: Pulses and products | N6: Sugar and Confectionery | O6: Spices | P6: Non-alcoholic beverages | Q6: Prepared meals, snacks, sweets etc. | S6: Food and beverages | T6: Pan, tobacco and intoxicants | V6: Clothing | X6: Footwear | Z6: Clothing and footwear | AB6: Housing | AE6: Fuel and light | AG6: Household goods and services | AI6: Health | AJ6: Transport and communication | AL6: Recreation and amusement | AN6: Education | AP6: Personal care and effects | AR6: Miscellaneous | AT6: General index
A7: Rural | B7: 2013 | C7: January | D7: 107.5 | F7: 106.3 | H7: 108.1 | I7: 104.9 | J7: 106.1 | K7: 103.9 | L7: 101.9 | M7: 106.1 | N7: 106.8 | O7: 103.1 | P7: 104.8 | Q7: 106.7 | S7: 105.5 | T7: 105.1 | V7: 106.5 | X7: 105.8 | Z7: 106.4 | AB7: NA | AC7: =AB8 -> 100.3 | AE7: 105.5 | AG7: 104.8 | AI7: 104 | AJ7: 103.3 | AL7: 103.4 | AN7: 103.8 | AP7: 104.7 | AR7: 104 | AT7: 105.1
A8: Urban | B8: 2013 | C8: January | D8: 110.5 | F8: 109.1 | H8: 113 | I8: 103.6 | J8: 103.4 | K8: 102.3 | L8: 102.9 | M8: 105.8 | N8: 105.1 | O8: 101.8 | P8: 105.1 | Q8: 107.9 | S8: 105.9 | T8: 105.2 | V8: 105.9 | X8: 105 | Z8: 105.8 | AB8: 100.3 | AC8: =AB8 -> 100.3 | AE8: 105.4 | AG8: 104.8 | AI8: 104.1 | AJ8: 103.2 | AL8: 102.9 | AN8: 103.5 | AP8: 104.3 | AR8: 103.7 | AT8: 104
A9: Rural+Urban | B9: 2013 | C9: January | D9: 108.4 | F9: 107.3 | H9: 110 | I9: 104.4 | J9: 105.1 | K9: 103.2 | L9: 102.2 | M9: 106 | N9: 106.2 | O9: 102.7 | P9: 104.9 | Q9: 107.3 | S9: 105.6 | T9: 105.1 | V9: 106.3 | X9: 105.5 | Z9: 106.2 | AB9: 100.3 | AC9: =AB9 -> 100.3 | AE9: 105.5 | AG9: 104.8 | AI9: 104 | AJ9: 103.2 | AL9: 103.1 | AN9: 103.6 | AP9: 104.5 | AR9: 103.9 | AT9: 104.6
A10: Rural | B10: 2013 | C10: February | D10: 109.2 | F10: 108.7 | H10: 110.2 | I10: 105.4 | J10: 106.7 | K10: 104 | L10: 102.4 | M10: 105.9 | N10: 105.7 | O10: 103.1 | P10: 105.1 | Q10: 107.7 | S10: 106.3 | T10: 105.6 | V10: 107.1 | X10: 106.3 | Z10: 107 | AB10: NA | AC10: =AB11 -> 100.4 | AE10: 106.2 | AG10: 105.2 | AI10: 104.4 | AJ10: 103.9 | AL10: 104 | AN10: 104.1 | AP10: 104.6 | AR10: 104.4 | AT10: 105.8
A11: Urban | B11: 2013 | C11: February | D11: 112.9 | F11: 112.9 | H11: 116.9 | I11: 104 | J11: 103.5 | K11: 103.1 | L11: 104.9 | M11: 104.1 | N11: 103.8 | O11: 102.3 | P11: 106 | Q11: 109 | S11: 107.2 | T11: 106 | V11: 106.6 | X11: 105.5 | Z11: 106.4 | AB11: 100.4 | AC11: =AB11 -> 100.4 | AE11: 105.7 | AG11: 105.2 | AI11: 104.7 | AJ11: 104.4 | AL11: 103.3 | AN11: 103.7 | AP11: 104.3 | AR11: 104.3 | AT11: 104.7
A12: Rural+Urban | B12: 2013 | C12: February | D12: 110.4 | F12: 110.2 | H12: 112.8 | I12: 104.9 | J12: 105.5 | K12: 103.6 | L12: 103.2 | M12: 105.3 | N12: 105.1 | O12: 102.8 | P12: 105.5 | Q12: 108.3 | S12: 106.6 | T12: 105.7 | V12: 106.9 | X12: 106 | Z12: 106.8 | AB12: 100.4 | AC12: =AB12 -> 100.4 | AE12: 106 | AG12: 105.2 | AI12: 104.5 | AJ12: 104.2 | AL12: 103.6 | AN12: 103.9 | AP12: 104.5 | AR12: 104.4 | AT12: 105.3
A13: Rural | B13: 2013 | C13: March | D13: 110.2 | F13: 108.8 | H13: 109.9 | I13: 105.6 | J13: 106.2 | K13: 105.7 | L13: 101.4 | M13: 105.7 | N13: 105 | O13: 103.3 | P13: 105.6 | Q13: 108.2 | S13: 106.6 | T13: 106.5 | V13: 107.6 | X13: 106.8 | Z13: 107.5 | AB13: NA | AC13: =AB14 -> 100.4 | AE13: 106.1 | AG13: 105.6 | AI13: 104.7 | AJ13: 104.6 | AL13: 104 | AN13: 104.3 | AP13: 104.3 | AR13: 104.6 | AT13: 106
A14: Urban | B14: 2013 | C14: March | D14: 113.9 | F14: 111.4 | H14: 113.2 | I14: 104.3 | J14: 102.7 | K14: 104.9 | L14: 103.8 | M14: 103.5 | N14: 102.6 | O14: 102.4 | P14: 107 | Q14: 109.8 | S14: 107.3 | T14: 106.8 | V14: 107.2 | X14: 106 | Z14: 107 | AB14: 100.4 | AC14: =AB14 -> 100.4 | AE14: 106 | AG14: 105.7 | AI14: 105.2 | AJ14: 105.5 | AL14: 103.5 | AN14: 103.8 | AP14: 104.2 | AR14: 104.9 | AT14: 105
A15: Rural+Urban | B15: 2013 | C15: March | D15: 111.4 | F15: 109.7 | H15: 111.2 | I15: 105.1 | J15: 104.9 | K15: 105.3 | L15: 102.2 | M15: 105 | N15: 104.2 | O15: 103 | P15: 106.2 | Q15: 108.9 | S15: 106.9 | T15: 106.6 | V15: 107.4 | X15: 106.5 | Z15: 107.3 | AB15: 100.4 | AC15: =AB15 -> 100.4 | AE15: 106.1 | AG15: 105.6 | AI15: 104.9 | AJ15: 105.1 | AL15: 103.7 | AN15: 104 | AP15: 104.3 | AR15: 104.7 | AT15: 105.5
A16: Rural | B16: 2013 | C16: April | D16: 110.2 | F16: 109.5 | H16: 106.9 | I16: 106.3 | J16: 105.7 | K16: 108.3 | L16: 103.4 | M16: 105.7 | N16: 104.2 | O16: 103.2 | P16: 106.5 | Q16: 108.8 | S16: 107.1 | T16: 107.1 | V16: 108.1 | X16: 107.4 | Z16: 108 | AB16: NA | AC16: =AB17 -> 100.5 | AE16: 106.5 | AG16: 106.1 | AI16: 105.1 | AJ16: 104.4 | AL16: 104.5 | AN16: 104.8 | AP16: 102.7 | AR16: 104.6 | AT16: 106.4
A17: Urban | B17: 2013 | C17: April | D17: 114.6 | F17: 113.4 | H17: 106 | I17: 104.7 | J17: 102.1 | K17: 109.5 | L17: 109.7 | M17: 104.6 | N17: 102 | O17: 103.5 | P17: 108.2 | Q17: 110.6 | S17: 108.8 | T17: 108.5 | V17: 107.9 | X17: 106.4 | Z17: 107.7 | AB17: 100.5 | AC17: =AB17 -> 100.5 | AE17: 106.4 | AG17: 106.5 | AI17: 105.7 | AJ17: 105 | AL17: 104 | AN17: 105.2 | AP17: 103.2 | AR17: 105.1 | AT17: 105.7
A18: Rural+Urban | B18: 2013 | C18: April | D18: 111.6 | F18: 110.9 | H18: 106.6 | I18: 105.7 | J18: 104.4 | K18: 108.9 | L18: 105.5 | M18: 105.3 | N18: 103.5 | O18: 103.3 | P18: 107.2 | Q18: 109.6 | S18: 107.7 | T18: 107.5 | V18: 108 | X18: 107 | Z18: 107.9 | AB18: 100.5 | AC18: =AB18 -> 100.5 | AE18: 106.5 | AG18: 106.3 | AI18: 105.3 | AJ18: 104.7 | AL18: 104.2 | AN18: 105 | AP18: 102.9 | AR18: 104.8 | AT18: 106.1
A19: Rural | B19: 2013 | C19: May | D19: 110.9 | F19: 109.8 | H19: 105.9 | I19: 107.5 | J19: 105.3 | K19: 108.1 | L19: 107.3 | M19: 106.1 | N19: 103.7 | O19: 104 | P19: 107.4 | Q19: 109.9 | S19: 108.1 | T19: 108.1 | V19: 108.8 | X19: 107.9 | Z19: 108.6 | AB19: NA | AC19: =AB20 -> 100.5 | AE19: 107.5 | AG19: 106.8 | AI19: 105.7 | AJ19: 104.1 | AL19: 105 | AN19: 105.5 | AP19: 102.1 | AR19: 104.8 | AT19: 107.2
A20: Urban | B20: 2013 | C20: May | D20: 115.4 | F20: 114.2 | H20: 102.7 | I20: 105.5 | J20: 101.5 | K20: 110.6 | L20: 123.7 | M20: 105.2 | N20: 101.9 | O20: 105 | P20: 109.1 | Q20: 111.3 | S20: 111.1 | T20: 109.8 | V20: 108.5 | X20: 106.7 | Z20: 108.3 | AB20: 100.5 | AC20: =AB20 -> 100.5 | AE20: 107.2 | AG20: 107.1 | AI20: 106.2 | AJ20: 103.9 | AL20: 104.6 | AN20: 105.7 | AP20: 102.6 | AR20: 104.9 | AT20: 106.6
A21: Rural+Urban | B21: 2013 | C21: May | D21: 112.3 | F21: 111.3 | H21: 104.7 | I21: 106.8 | J21: 103.9 | K21: 109.3 | L21: 112.9 | M21: 105.8 | N21: 103.1 | O21: 104.3 | P21: 108.1 | Q21: 110.5 | S21: 109.2 | T21: 108.6 | V21: 108.7 | X21: 107.4 | Z21: 108.5 | AB21: 100.5 | AC21: =AB21 -> 100.5 | AE21: 107.4 | AG21: 106.9 | AI21: 105.9 | AJ21: 104 | AL21: 104.8 | AN21: 105.6 | AP21: 102.3 | AR21: 104.8 | AT21: 106.9
A22: Rural | B22: 2013 | C22: June | D22: 112.3 | F22: 112.1 | H22: 108.1 | I22: 108.3 | J22: 105.9 | K22: 109.2 | L22: 118 | M22: 106.8 | N22: 104.1 | O22: 105.4 | P22: 108.2 | Q22: 111 | S22: 110.6 | T22: 109 | V22: 109.7 | X22: 108.8 | Z22: 109.5 | AB22: NA | AC22: =AB23 -> 106.6 | AE22: 108.5 | AG22: 107.5 | AI22: 106.3 | AJ22: 105 | AL22: 105.6 | AN22: 106.5 | AP22: 102.5 | AR22: 105.5 | AT22: 108.9
A23: Urban | B23: 2013 | C23: June | D23: 117 | F23: 120.1 | H23: 112.5 | I23: 107.3 | J23: 101.3 | K23: 112.4 | L23: 143.6 | M23: 105.4 | N23: 101.4 | O23: 106.4 | P23: 110 | Q23: 112.2 | S23: 115 | T23: 110.9 | V23: 109.2 | X23: 107.2 | Z23: 108.9 | AB23: 106.6 | AC23: =AB23 -> 106.6 | AE23: 108 | AG23: 107.7 | AI23: 106.5 | AJ23: 105.2 | AL23: 105.2 | AN23: 108.1 | AP23: 103.3 | AR23: 106.1 | AT23: 109.7
A24: Rural+Urban | B24: 2013 | C24: June | D24: 113.8 | F24: 114.9 | H24: 109.8 | I24: 107.9 | J24: 104.2 | K24: 110.7 | L24: 126.7 | M24: 106.3 | N24: 103.2 | O24: 105.7 | P24: 109 | Q24: 111.6 | S24: 112.2 | T24: 109.5 | V24: 109.5 | X24: 108.1 | Z24: 109.3 | AB24: 106.6 | AC24: =AB24 -> 106.6 | AE24: 108.3 | AG24: 107.6 | AI24: 106.4 | AJ24: 105.1 | AL24: 105.4 | AN24: 107.4 | AP24: 102.8 | AR24: 105.8 | AT24: 109.3
A25: Rural | B25: 2013 | C25: July | D25: 113.4 | F25: 114.9 | H25: 110.5 | I25: 109.3 | J25: 106.2 | K25: 110.3 | L25: 129.2 | M25: 107.1 | N25: 104.3 | O25: 106.4 | P25: 109.1 | Q25: 112.1 | S25: 113.1 | T25: 109.8 | V25: 110.5 | X25: 109.5 | Z25: 110.3 | AB25: NA | AC25: =AB26 -> 107.7 | AE25: 109.5 | AG25: 108.3 | AI25: 106.9 | AJ25: 106.8 | AL25: 106.4 | AN25: 107.8 | AP25: 102.5 | AR25: 106.5 | AT25: 110.7
A26: Urban | B26: 2013 | C26: July | D26: 117.8 | F26: 119.2 | H26: 114 | I26: 108.3 | J26: 101.1 | K26: 113.2 | L26: 160.9 | M26: 105.1 | N26: 101.3 | O26: 107.5 | P26: 110.4 | Q26: 113.1 | S26: 117.5 | T26: 111.7 | V26: 109.8 | X26: 107.8 | Z26: 109.5 | AB26: 107.7 | AC26: =AB26 -> 107.7 | AE26: 108.6 | AG26: 108.1 | AI26: 107.1 | AJ26: 107.3 | AL26: 105.9 | AN26: 110.1 | AP26: 103.2 | AR26: 107.3 | AT26: 111.4
A27: Rural+Urban | B27: 2013 | C27: July | D27: 114.8 | F27: 116.4 | H27: 111.9 | I27: 108.9 | J27: 104.3 | K27: 111.7 | L27: 140 | M27: 106.4 | N27: 103.3 | O27: 106.8 | P27: 109.6 | Q27: 112.6 | S27: 114.7 | T27: 110.3 | V27: 110.2 | X27: 108.8 | Z27: 110 | AB27: 107.7 | AC27: =AB27 -> 107.7 | AE27: 109.2 | AG27: 108.2 | AI27: 107 | AJ27: 107.1 | AL27: 106.1 | AN27: 109.1 | AP27: 102.8 | AR27: 106.9 | AT27: 111
A28: Rural | B28: 2013 | C28: August | D28: 114.3 | F28: 115.4 | H28: 111.1 | I28: 110 | J28: 106.4 | K28: 110.8 | L28: 138.9 | M28: 107.4 | N28: 104.1 | O28: 106.9 | P28: 109.7 | Q28: 112.6 | S28: 114.9 | T28: 110.7 | V28: 111.3 | X28: 110.2 | Z28: 111.1 | AB28: NA | AC28: =AB29 -> 108.9 | AE28: 109.9 | AG28: 108.7 | AI28: 107.5 | AJ28: 107.8 | AL28: 106.8 | AN28: 108.7 | AP28: 105 | AR28: 107.5 | AT28: 112.1
A29: Urban | B29: 2013 | C29: August | D29: 118.3 | F29: 120.4 | H29: 112.7 | I29: 108.9 | J29: 101.1 | K29: 108.7 | L29: 177 | M29: 104.7 | N29: 101 | O29: 108.5 | P29: 110.9 | Q29: 114.3 | S29: 119.6 | T29: 112.4 | V29: 110.6 | X29: 108.3 | Z29: 110.2 | AB29: 108.9 | AC29: =AB29 -> 108.9 | AE29: 109.3 | AG29: 108.7 | AI29: 107.6 | AJ29: 108.1 | AL29: 106.5 | AN29: 110.8 | AP29: 106 | AR29: 108.3 | AT29: 112.7
A30: Rural+Urban | B30: 2013 | C30: August | D30: 115.6 | F30: 117.2 | H30: 111.7 | I30: 109.6 | J30: 104.5 | K30: 109.8 | L30: 151.8 | M30: 106.5 | N30: 103.1 | O30: 107.4 | P30: 110.2 | Q30: 113.4 | S30: 116.6 | T30: 111.2 | V30: 111 | X30: 109.4 | Z30: 110.7 | AB30: 108.9 | AC30: =AB30 -> 108.9 | AE30: 109.7 | AG30: 108.7 | AI30: 107.5 | AJ30: 108 | AL30: 106.6 | AN30: 109.9 | AP30: 105.4 | AR30: 107.9 | AT30: 112.4
A31: Rural | B31: 2013 | C31: September | D31: 115.4 | F31: 115.7 | H31: 111.7 | I31: 111 | J31: 107.4 | K31: 110.9 | L31: 154 | M31: 108.1 | N31: 104.2 | O31: 107.9 | P31: 110.4 | Q31: 114 | S31: 117.8 | T31: 111.7 | V31: 112.7 | X31: 111.4 | Z31: 112.5 | AB31: NA | AC31: =AB32 -> 109.7 | AE31: 111.1 | AG31: 109.6 | AI31: 108.3 | AJ31: 109.3 | AL31: 107.7 | AN31: 109.8 | AP31: 106.7 | AR31: 108.7 | AT31: 114.2
A32: Urban | B32: 2013 | C32: September | D32: 118.6 | F32: 119.1 | H32: 113.2 | I32: 109.6 | J32: 101.7 | K32: 103.2 | L32: 174.3 | M32: 105.1 | N32: 100.8 | O32: 109.1 | P32: 111.1 | Q32: 115.4 | S32: 119.2 | T32: 112.9 | V32: 111.4 | X32: 109 | Z32: 111.1 | AB32: 109.7 | AC32: =AB32 -> 109.7 | AE32: 109.5 | AG32: 109.6 | AI32: 107.9 | AJ32: 110.4 | AL32: 107.4 | AN32: 111.2 | AP32: 106.9 | AR32: 109.4 | AT32: 113.2
A33: Rural+Urban | B33: 2013 | C33: September | D33: 116.4 | F33: 116.9 | H33: 112.3 | I33: 110.5 | J33: 105.3 | K33: 107.3 | L33: 160.9 | M33: 107.1 | N33: 103.1 | O33: 108.3 | P33: 110.7 | Q33: 114.6 | S33: 118.3 | T33: 112 | V33: 112.2 | X33: 110.4 | Z33: 111.9 | AB33: 109.7 | AC33: =AB33 -> 109.7 | AE33: 110.5 | AG33: 109.6 | AI33: 108.1 | AJ33: 109.9 | AL33: 107.5 | AN33: 110.6 | AP33: 106.8 | AR33: 109 | AT33: 113.7
A34: Rural | B34: 2013 | C34: October | D34: 116.3 | F34: 115.4 | H34: 112.6 | I34: 111.7 | J34: 107.7 | K34: 113.2 | L34: 164.9 | M34: 108.3 | N34: 103.9 | O34: 108.2 | P34: 111.1 | Q34: 114.9 | S34: 119.8 | T34: 112.2 | V34: 113.6 | X34: 112.3 | Z34: 113.4 | AB34: NA | AC34: =AB35 -> 110.5 | AE34: 111.6 | AG34: 110.4 | AI34: 108.9 | AJ34: 109.3 | AL34: 108.3 | AN34: 110.2 | AP34: 107.5 | AR34: 109.1 | AT34: 115.5
A35: Urban | B35: 2013 | C35: October | D35: 118.9 | F35: 118.1 | H35: 114.5 | I35: 110.4 | J35: 102.3 | K35: 106.2 | L35: 183.5 | M35: 105.3 | N35: 100.2 | O35: 109.6 | P35: 111.4 | Q35: 116 | S35: 120.8 | T35: 113.5 | V35: 112.5 | X35: 109.7 | Z35: 112 | AB35: 110.5 | AC35: =AB35 -> 110.5 | AE35: 109.7 | AG35: 110.2 | AI35: 108.2 | AJ35: 109.7 | AL35: 108 | AN35: 111.3 | AP35: 107.3 | AR35: 109.4 | AT35: 114
A36: Rural+Urban | B36: 2013 | C36: October | D36: 117.1 | F36: 116.3 | H36: 113.3 | I36: 111.2 | J36: 105.7 | K36: 109.9 | L36: 171.2 | M36: 107.3 | N36: 102.7 | O36: 108.7 | P36: 111.2 | Q36: 115.4 | S36: 120.2 | T36: 112.5 | V36: 113.2 | X36: 111.2 | Z36: 112.8 | AB36: 110.5 | AC36: =AB36 -> 110.5 | AE36: 110.9 | AG36: 110.3 | AI36: 108.6 | AJ36: 109.5 | AL36: 108.1 | AN36: 110.8 | AP36: 107.4 | AR36: 109.2 | AT36: 114.8
A37: Rural | B37: 2013 | C37: November | D37: 117.3 | F37: 114.9 | H37: 116.2 | I37: 112.8 | J37: 108.9 | K37: 116.6 | L37: 178.1 | M37: 109.1 | N37: 103.6 | O37: 109 | P37: 111.8 | Q37: 116 | S37: 122.5 | T37: 112.8 | V37: 114.6 | X37: 113.1 | Z37: 114.4 | AB37: NA | AC37: =AB38 -> 111.1 | AE37: 112.6 | AG37: 111.3 | AI37: 109.7 | AJ37: 109.6 | AL37: 108.7 | AN37: 111 | AP37: 108.2 | AR37: 109.8 | AT37: 117.4
A38: Urban | B38: 2013 | C38: November | D38: 119.8 | F38: 116.3 | H38: 122.6 | I38: 112 | J38: 103.2 | K38: 110 | L38: 192.8 | M38: 106.3 | N38: 99.5 | O38: 110.3 | P38: 111.8 | Q38: 117.1 | S38: 122.9 | T38: 114.1 | V38: 113.5 | X38: 110.3 | Z38: 113 | AB38: 111.1 | AC38: =AB38 -> 111.1 | AE38: 110 | AG38: 110.9 | AI38: 108.6 | AJ38: 109.5 | AL38: 108.5 | AN38: 111.3 | AP38: 107.9 | AR38: 109.6 | AT38: 115
A39: Rural+Urban | B39: 2013 | C39: November | D39: 118.1 | F39: 115.4 | H39: 118.7 | I39: 112.5 | J39: 106.8 | K39: 113.5 | L39: 183.1 | M39: 108.2 | N39: 102.2 | O39: 109.4 | P39: 111.8 | Q39: 116.5 | S39: 122.6 | T39: 113.1 | V39: 114.2 | X39: 111.9 | Z39: 113.8 | AB39: 111.1 | AC39: =AB39 -> 111.1 | AE39: 111.6 | AG39: 111.1 | AI39: 109.3 | AJ39: 109.5 | AL39: 108.6 | AN39: 111.2 | AP39: 108.1 | AR39: 109.7 | AT39: 116.3
A40: Rural | B40: 2013 | C40: December | D40: 118.4 | F40: 115.9 | H40: 120.4 | I40: 113.8 | J40: 109.5 | K40: 115.5 | L40: 145.7 | M40: 109.5 | N40: 102.9 | O40: 109.8 | P40: 112.1 | Q40: 116.8 | S40: 118.7 | T40: 113.6 | V40: 115.8 | X40: 114 | Z40: 115.5 | AB40: NA | AC40: =AB41 -> 110.7 | AE40: 112.8 | AG40: 112.1 | AI40: 110.1 | AJ40: 109.9 | AL40: 109.2 | AN40: 111.6 | AP40: 108.1 | AR40: 110.1 | AT40: 115.5
A41: Urban | B41: 2013 | C41: December | D41: 120.5 | F41: 118.1 | H41: 128.5 | I41: 112.8 | J41: 103.4 | K41: 110.7 | L41: 144.8 | M41: 107.1 | N41: 98.6 | O41: 111.9 | P41: 112.1 | Q41: 118.1 | S41: 117.8 | T41: 115 | V41: 114.2 | X41: 110.9 | Z41: 113.7 | AB41: 110.7 | AC41: =AB41 -> 110.7 | AE41: 110.4 | AG41: 111.3 | AI41: 109 | AJ41: 109.7 | AL41: 108.9 | AN41: 111.4 | AP41: 107.7 | AR41: 109.8 | AT41: 113.3
A42: Rural+Urban | B42: 2013 | C42: December | D42: 119.1 | F42: 116.7 | H42: 123.5 | I42: 113.4 | J42: 107.3 | K42: 113.3 | L42: 145.4 | M42: 108.7 | N42: 101.5 | O42: 110.5 | P42: 112.1 | Q42: 117.4 | S42: 118.4 | T42: 114 | V42: 115.2 | X42: 112.7 | Z42: 114.8 | AB42: 110.7 | AC42: =AB42 -> 110.7 | AE42: 111.9 | AG42: 111.7 | AI42: 109.7 | AJ42: 109.8 | AL42: 109 | AN42: 111.5 | AP42: 107.9 | AR42: 110 | AT42: 114.5
A43: Rural | B43: 2014 | C43: January | D43: 118.9 | F43: 117.1 | H43: 120.5 | I43: 114.4 | J43: 109 | K43: 115.5 | L43: 123.9 | M43: 109.6 | N43: 101.8 | O43: 110.2 | P43: 112.4 | Q43: 117.3 | S43: 116 | T43: 114 | V43: 116.5 | X43: 114.5 | Z43: 116.2 | AB43: NA | AC43: =AB44 -> 111.6 | AE43: 113 | AG43: 112.6 | AI43: 110.6 | AJ43: 110.5 | AL43: 109.6 | AN43: 111.8 | AP43: 108.3 | AR43: 110.6 | AT43: 114.2
A44: Urban | B44: 2014 | C44: January | D44: 121.2 | F44: 122 | H44: 129.9 | I44: 113.6 | J44: 102.9 | K44: 112.1 | L44: 118.9 | M44: 107.5 | N44: 96.9 | O44: 112.7 | P44: 112.1 | Q44: 119 | S44: 115.5 | T44: 115.7 | V44: 114.8 | X44: 111.3 | Z44: 114.3 | AB44: 111.6 | AC44: =AB44 -> 111.6 | AE44: 111 | AG44: 111.9 | AI44: 109.7 | AJ44: 110.8 | AL44: 109.8 | AN44: 111.5 | AP44: 108 | AR44: 110.5 | AT44: 112.9
A45: Rural+Urban | B45: 2014 | C45: January | D45: 119.6 | F45: 118.8 | H45: 124.1 | I45: 114.1 | J45: 106.8 | K45: 113.9 | L45: 122.2 | M45: 108.9 | N45: 100.2 | O45: 111 | P45: 112.3 | Q45: 118.1 | S45: 115.8 | T45: 114.5 | V45: 115.8 | X45: 113.2 | Z45: 115.4 | AB45: 111.6 | AC45: =AB45 -> 111.6 | AE45: 112.2 | AG45: 112.3 | AI45: 110.3 | AJ45: 110.7 | AL45: 109.7 | AN45: 111.6 | AP45: 108.2 | AR45: 110.6 | AT45: 113.6
A46: Rural | B46: 2014 | C46: February | D46: 119.4 | F46: 117.7 | H46: 121.2 | I46: 115 | J46: 109 | K46: 116.6 | L46: 116 | M46: 109.8 | N46: 101.1 | O46: 110.4 | P46: 112.9 | Q46: 117.8 | S46: 115.3 | T46: 114.2 | V46: 117.1 | X46: 114.5 | Z46: 116.7 | AB46: NA | AC46: =AB47 -> 112.5 | AE46: 113.2 | AG46: 112.9 | AI46: 110.9 | AJ46: 110.8 | AL46: 109.9 | AN46: 112 | AP46: 108.7 | AR46: 110.9 | AT46: 114
A47: Urban | B47: 2014 | C47: February | D47: 121.9 | F47: 122 | H47: 124.5 | I47: 115.2 | J47: 102.5 | K47: 114.1 | L47: 111.5 | M47: 108.2 | N47: 95.4 | O47: 113.5 | P47: 112.1 | Q47: 119.9 | S47: 115.2 | T47: 116.2 | V47: 115.3 | X47: 111.7 | Z47: 114.7 | AB47: 112.5 | AC47: =AB47 -> 112.5 | AE47: 111.1 | AG47: 112.6 | AI47: 110.4 | AJ47: 111.3 | AL47: 110.3 | AN47: 111.6 | AP47: 108.7 | AR47: 111 | AT47: 113.1
A48: Rural+Urban | B48: 2014 | C48: February | D48: 120.2 | F48: 119.2 | H48: 122.5 | I48: 115.1 | J48: 106.6 | K48: 115.4 | L48: 114.5 | M48: 109.3 | N48: 99.2 | O48: 111.4 | P48: 112.6 | Q48: 118.8 | S48: 115.3 | T48: 114.7 | V48: 116.4 | X48: 113.3 | Z48: 115.9 | AB48: 112.5 | AC48: =AB48 -> 112.5 | AE48: 112.4 | AG48: 112.8 | AI48: 110.7 | AJ48: 111.1 | AL48: 110.1 | AN48: 111.8 | AP48: 108.7 | AR48: 110.9 | AT48: 113.6
A49: Rural | B49: 2014 | C49: March | D49: 120.1 | F49: 118.1 | H49: 120.7 | I49: 116.1 | J49: 109.3 | K49: 119.6 | L49: 117.9 | M49: 110.2 | N49: 101.2 | O49: 110.7 | P49: 113 | Q49: 118.3 | S49: 116.2 | T49: 114.6 | V49: 117.5 | X49: 114.9 | Z49: 117.2 | AB49: NA | AC49: =AB50 -> 113.2 | AE49: 113.4 | AG49: 113.4 | AI49: 111.4 | AJ49: 111.2 | AL49: 110.2 | AN49: 112.4 | AP49: 108.9 | AR49: 111.3 | AT49: 114.6
A50: Urban | B50: 2014 | C50: March | D50: 122.1 | F50: 121.4 | H50: 121.5 | I50: 116.2 | J50: 102.8 | K50: 117.7 | L50: 113.3 | M50: 108.9 | N50: 96.3 | O50: 114.1 | P50: 112.2 | Q50: 120.5 | S50: 116 | T50: 116.7 | V50: 115.8 | X50: 112.1 | Z50: 115.2 | AB50: 113.2 | AC50: =AB50 -> 113.2 | AE50: 110.9 | AG50: 113 | AI50: 110.8 | AJ50: 111.6 | AL50: 110.9 | AN50: 111.8 | AP50: 109.2 | AR50: 111.4 | AT50: 113.7
A51: Rural+Urban | B51: 2014 | C51: March | D51: 120.7 | F51: 119.3 | H51: 121 | I51: 116.1 | J51: 106.9 | K51: 118.7 | L51: 116.3 | M51: 109.8 | N51: 99.6 | O51: 111.8 | P51: 112.7 | Q51: 119.3 | S51: 116.1 | T51: 115.2 | V51: 116.8 | X51: 113.7 | Z51: 116.4 | AB51: 113.2 | AC51: =AB51 -> 113.2 | AE51: 112.5 | AG51: 113.2 | AI51: 111.2 | AJ51: 111.4 | AL51: 110.6 | AN51: 112 | AP51: 109 | AR51: 111.3 | AT51: 114.2
A52: Rural | B52: 2014 | C52: April | D52: 120.2 | F52: 118.9 | H52: 118.1 | I52: 117 | J52: 109.7 | K52: 125.5 | L52: 120.5 | M52: 111 | N52: 102.6 | O52: 111.2 | P52: 113.5 | Q52: 118.7 | S52: 117.2 | T52: 115.4 | V52: 118.1 | X52: 116.1 | Z52: 117.8 | AB52: NA | AC52: =AB53 -> 113.9 | AE52: 113.4 | AG52: 113.7 | AI52: 111.8 | AJ52: 111.2 | AL52: 110.5 | AN52: 113 | AP52: 108.9 | AR52: 111.5 | AT52: 115.4
A53: Urban | B53: 2014 | C53: April | D53: 122.5 | F53: 121.7 | H53: 113.3 | I53: 117 | J53: 103.1 | K53: 126.7 | L53: 121.2 | M53: 111 | N53: 100.3 | O53: 115.3 | P53: 112.7 | Q53: 121 | S53: 118.2 | T53: 117.6 | V53: 116.3 | X53: 112.5 | Z53: 115.7 | AB53: 113.9 | AC53: =AB53 -> 113.9 | AE53: 110.9 | AG53: 113.4 | AI53: 111 | AJ53: 111.2 | AL53: 111.2 | AN53: 112.5 | AP53: 109.1 | AR53: 111.4 | AT53: 114.7
A54: Rural+Urban | B54: 2014 | C54: April | D54: 120.9 | F54: 119.9 | H54: 116.2 | I54: 117 | J54: 107.3 | K54: 126.1 | L54: 120.7 | M54: 111 | N54: 101.8 | O54: 112.6 | P54: 113.2 | Q54: 119.8 | S54: 117.6 | T54: 116 | V54: 117.4 | X54: 114.6 | Z54: 117 | AB54: 113.9 | AC54: =AB54 -> 113.9 | AE54: 112.5 | AG54: 113.6 | AI54: 111.5 | AJ54: 111.2 | AL54: 110.9 | AN54: 112.7 | AP54: 109 | AR54: 111.5 | AT54: 115.1
A55: Rural | B55: 2014 | C55: May | D55: 120.3 | F55: 120.2 | H55: 116.9 | I55: 118 | J55: 110.1 | K55: 126.3 | L55: 123.9 | M55: 111.5 | N55: 103.5 | O55: 111.6 | P55: 114.2 | Q55: 119.2 | S55: 118.2 | T55: 116.3 | V55: 118.7 | X55: 116.8 | Z55: 118.5 | AB55: NA | AC55: =AB56 -> 114.3 | AE55: 113.4 | AG55: 114.1 | AI55: 112.1 | AJ55: 111.4 | AL55: 110.9 | AN55: 113.1 | AP55: 108.9 | AR55: 111.8 | AT55: 116
A56: Urban | B56: 2014 | C56: May | D56: 122.7 | F56: 124.1 | H56: 114.2 | I56: 119.1 | J56: 103.5 | K56: 129.2 | L56: 127 | M56: 112.6 | N56: 101.3 | O56: 117 | P56: 112.9 | Q56: 121.7 | S56: 120 | T56: 118.3 | V56: 116.8 | X56: 112.9 | Z56: 116.2 | AB56: 114.3 | AC56: =AB56 -> 114.3 | AE56: 111.1 | AG56: 114.1 | AI56: 111.2 | AJ56: 111.3 | AL56: 111.5 | AN56: 112.9 | AP56: 109.3 | AR56: 111.7 | AT56: 115.6
A57: Rural+Urban | B57: 2014 | C57: May | D57: 121.1 | F57: 121.6 | H57: 115.9 | I57: 118.4 | J57: 107.7 | K57: 127.7 | L57: 125 | M57: 111.9 | N57: 102.8 | O57: 113.4 | P57: 113.7 | Q57: 120.4 | S57: 118.9 | T57: 116.8 | V57: 118 | X57: 115.2 | Z57: 117.6 | AB57: 114.3 | AC57: =AB57 -> 114.3 | AE57: 112.5 | AG57: 114.1 | AI57: 111.8 | AJ57: 111.3 | AL57: 111.2 | AN57: 113 | AP57: 109.1 | AR57: 111.8 | AT57: 115.8
A58: Rural | B58: 2014 | C58: June | D58: 120.7 | F58: 121.6 | H58: 116.1 | I58: 119.3 | J58: 110.3 | K58: 125.8 | L58: 129.3 | M58: 112.2 | N58: 103.6 | O58: 112.3 | P58: 114.9 | Q58: 120.1 | S58: 119.5 | T58: 117.3 | V58: 119.7 | X58: 117.3 | Z58: 119.3 | AB58: NA | AC58: =AB59 -> 113.9 | AE58: 114.4 | AG58: 114.9 | AI58: 112.8 | AJ58: 112.2 | AL58: 111.4 | AN58: 114.3 | AP58: 108 | AR58: 112.3 | AT58: 117
A59: Urban | B59: 2014 | C59: June | D59: 123.1 | F59: 125.9 | H59: 115.4 | I59: 120.4 | J59: 103.4 | K59: 131.2 | L59: 137.5 | M59: 112.8 | N59: 101.4 | O59: 118.3 | P59: 113.2 | Q59: 122.4 | S59: 122 | T59: 119 | V59: 117.4 | X59: 113.2 | Z59: 116.7 | AB59: 113.9 | AC59: =AB59 -> 113.9 | AE59: 111.2 | AG59: 114.3 | AI59: 111.4 | AJ59: 111.5 | AL59: 111.8 | AN59: 115.1 | AP59: 108.7 | AR59: 112.2 | AT59: 116.4
A60: Rural+Urban | B60: 2014 | C60: June | D60: 121.5 | F60: 123.1 | H60: 115.8 | I60: 119.7 | J60: 107.8 | K60: 128.3 | L60: 132.1 | M60: 112.4 | N60: 102.9 | O60: 114.3 | P60: 114.2 | Q60: 121.2 | S60: 120.4 | T60: 117.8 | V60: 118.8 | X60: 115.6 | Z60: 118.3 | AB60: 113.9 | AC60: =AB60 -> 113.9 | AE60: 113.2 | AG60: 114.6 | AI60: 112.3 | AJ60: 111.8 | AL60: 111.6 | AN60: 114.8 | AP60: 108.3 | AR60: 112.3 | AT60: 116.7
A61: Rural | B61: 2014 | C61: July | D61: 121.7 | F61: 122.5 | H61: 117.7 | I61: 120.6 | J61: 110.4 | K61: 129.1 | L61: 150.1 | M61: 113.2 | N61: 104.8 | O61: 113.3 | P61: 115.6 | Q61: 120.9 | S61: 123.3 | T61: 118 | V61: 120.7 | X61: 118.3 | Z61: 120.3 | AB61: NA | AC61: =AB62 -> 114.8 | AE61: 115.3 | AG61: 115.4 | AI61: 113.4 | AJ61: 113.2 | AL61: 111.8 | AN61: 115.5 | AP61: 108.8 | AR61: 113.1 | AT61: 119.5
A62: Urban | B62: 2014 | C62: July | D62: 123.8 | F62: 126.4 | H62: 118 | I62: 121.6 | J62: 103.5 | K62: 133.7 | L62: 172.4 | M62: 113.1 | N62: 102.7 | O62: 120 | P62: 113.8 | Q62: 123.4 | S62: 127.1 | T62: 121 | V62: 118 | X62: 113.6 | Z62: 117.4 | AB62: 114.8 | AC62: =AB62 -> 114.8 | AE62: 111.6 | AG62: 114.9 | AI62: 111.5 | AJ62: 113 | AL62: 112.4 | AN62: 117.8 | AP62: 109.7 | AR62: 113.5 | AT62: 118.9
A63: Rural+Urban | B63: 2014 | C63: July | D63: 122.4 | F63: 123.9 | H63: 117.8 | I63: 121 | J63: 107.9 | K63: 131.2 | L63: 157.7 | M63: 113.2 | N63: 104.1 | O63: 115.5 | P63: 114.8 | Q63: 122.1 | S63: 124.7 | T63: 118.8 | V63: 119.6 | X63: 116.3 | Z63: 119.1 | AB63: 114.8 | AC63: =AB63 -> 114.8 | AE63: 113.9 | AG63: 115.2 | AI63: 112.7 | AJ63: 113.1 | AL63: 112.1 | AN63: 116.8 | AP63: 109.2 | AR63: 113.3 | AT63: 119.2
A64: Rural | B64: 2014 | C64: August | D64: 121.8 | F64: 122.8 | H64: 117.8 | I64: 121.9 | J64: 110.6 | K64: 129.7 | L64: 161.1 | M64: 114.1 | N64: 105.1 | O64: 114.6 | P64: 115.8 | Q64: 121.7 | S64: 125.3 | T64: 118.8 | V64: 120.9 | X64: 118.8 | Z64: 120.7 | AB64: NA | AC64: =AB65 -> 115.5 | AE64: 115.4 | AG64: 115.9 | AI64: 114 | AJ64: 113.2 | AL64: 112.2 | AN64: 116.2 | AP64: 109.4 | AR64: 113.5 | AT64: 120.7
A65: Urban | B65: 2014 | C65: August | D65: 124.8 | F65: 127.3 | H65: 116.5 | I65: 122.2 | J65: 103.6 | K65: 132.7 | L65: 181.9 | M65: 115.2 | N65: 102.7 | O65: 122.1 | P65: 114.4 | Q65: 124.7 | S65: 128.9 | T65: 123 | V65: 118.6 | X65: 114.1 | Z65: 117.9 | AB65: 115.5 | AC65: =AB65 -> 115.5 | AE65: 111.8 | AG65: 115.3 | AI65: 112.2 | AJ65: 112.5 | AL65: 112.9 | AN65: 119.2 | AP65: 110.5 | AR65: 113.9 | AT65: 119.9
A66: Rural+Urban | B66: 2014 | C66: August | D66: 122.7 | F66: 124.4 | H66: 117.3 | I66: 122 | J66: 108 | K66: 131.1 | L66: 168.2 | M66: 114.5 | N66: 104.3 | O66: 117.1 | P66: 115.2 | Q66: 123.1 | S66: 126.6 | T66: 119.9 | V66: 120 | X66: 116.8 | Z66: 119.6 | AB66: 115.5 | AC66: =AB66 -> 115.5 | AE66: 114 | AG66: 115.6 | AI66: 113.3 | AJ66: 112.8 | AL66: 112.6 | AN66: 118 | AP66: 109.9 | AR66: 113.7 | AT66: 120.3
A67: Rural | B67: 2014 | C67: September | D67: 122.3 | F67: 122.4 | H67: 117.8 | I67: 122.7 | J67: 110.4 | K67: 129.8 | L67: 158.8 | M67: 115 | N67: 104.7 | O67: 114.9 | P67: 116.5 | Q67: 122.6 | S67: 125.3 | T67: 119.5 | V67: 121.7 | X67: 119.2 | Z67: 121.3 | AB67: NA | AC67: =AB68 -> 116.1 | AE67: 115.8 | AG67: 116.7 | AI67: 114.5 | AJ67: 112.8 | AL67: 112.6 | AN67: 116.6 | AP67: 109.1 | AR67: 113.7 | AT67: 120.9
A68: Urban | B68: 2014 | C68: September | D68: 124.2 | F68: 125.4 | H68: 116.4 | I68: 122.7 | J68: 103.5 | K68: 124.5 | L68: 168.6 | M68: 116.9 | N68: 101.9 | O68: 122.9 | P68: 114.8 | Q68: 125.2 | S68: 126.7 | T68: 124.3 | V68: 119.2 | X68: 114.5 | Z68: 118.4 | AB68: 116.1 | AC68: =AB68 -> 116.1 | AE68: 111.8 | AG68: 115.5 | AI68: 112.3 | AJ68: 111.2 | AL68: 113.4 | AN68: 120 | AP68: 110 | AR68: 113.6 | AT68: 119.2
A69: Rural+Urban | B69: 2014 | C69: September | D69: 122.9 | F69: 123.5 | H69: 117.3 | I69: 122.7 | J69: 107.9 | K69: 127.3 | L69: 162.1 | M69: 115.6 | N69: 103.8 | O69: 117.6 | P69: 115.8 | Q69: 123.8 | S69: 125.8 | T69: 120.8 | V69: 120.7 | X69: 117.2 | Z69: 120.1 | AB69: 116.1 | AC69: =AB69 -> 116.1 | AE69: 114.3 | AG69: 116.1 | AI69: 113.7 | AJ69: 112 | AL69: 113.1 | AN69: 118.6 | AP69: 109.5 | AR69: 113.7 | AT69: 120.1
A70: Rural | B70: 2014 | C70: October | D70: 122.6 | F70: 122.5 | H70: 118.3 | I70: 123.2 | J70: 110.5 | K70: 128.9 | L70: 155.3 | M70: 115.5 | N70: 104 | O70: 115.3 | P70: 116.8 | Q70: 123.2 | S70: 125.1 | T70: 120 | V70: 122.7 | X70: 120.3 | Z70: 122.3 | AB70: NA | AC70: =AB71 -> 116.7 | AE70: 116.4 | AG70: 117.5 | AI70: 115.3 | AJ70: 112.6 | AL70: 113 | AN70: 116.9 | AP70: 109.3 | AR70: 114 | AT70: 121
A71: Urban | B71: 2014 | C71: October | D71: 124.6 | F71: 126.1 | H71: 117.8 | I71: 123.1 | J71: 103.5 | K71: 123.5 | L71: 159.6 | M71: 117.4 | N71: 101.2 | O71: 123.8 | P71: 115.2 | Q71: 125.9 | S71: 125.8 | T71: 124.3 | V71: 119.6 | X71: 114.9 | Z71: 118.9 | AB71: 116.7 | AC71: =AB71 -> 116.7 | AE71: 112 | AG71: 115.8 | AI71: 112.6 | AJ71: 111 | AL71: 113.6 | AN71: 120.2 | AP71: 110.1 | AR71: 113.7 | AT71: 119.1
A72: Rural+Urban | B72: 2014 | C72: October | D72: 123.2 | F72: 123.8 | H72: 118.1 | I72: 123.2 | J72: 107.9 | K72: 126.4 | L72: 156.8 | M72: 116.1 | N72: 103.1 | O72: 118.1 | P72: 116.1 | Q72: 124.5 | S72: 125.4 | T72: 121.1 | V72: 121.5 | X72: 118.1 | Z72: 121 | AB72: 116.7 | AC72: =AB72 -> 116.7 | AE72: 114.7 | AG72: 116.7 | AI72: 114.3 | AJ72: 111.8 | AL72: 113.3 | AN72: 118.8 | AP72: 109.6 | AR72: 113.9 | AT72: 120.1
A73: Rural | B73: 2014 | C73: November | D73: 122.7 | F73: 122.6 | H73: 119.9 | I73: 124 | J73: 110.5 | K73: 128.8 | L73: 152 | M73: 116.2 | N73: 103.3 | O73: 115.8 | P73: 116.8 | Q73: 124.5 | S73: 124.9 | T73: 120.8 | V73: 123.3 | X73: 120.5 | Z73: 122.9 | AB73: NA | AC73: =AB74 -> 117.1 | AE73: 117.3 | AG73: 118.1 | AI73: 115.9 | AJ73: 112 | AL73: 113.3 | AN73: 117.2 | AP73: 108.8 | AR73: 114.1 | AT73: 121.1
A74: Urban | B74: 2014 | C74: November | D74: 124.5 | F74: 125.6 | H74: 122.7 | I74: 124.6 | J74: 103.2 | K74: 122.2 | L74: 153.2 | M74: 119.3 | N74: 99.8 | O74: 124.6 | P74: 115.8 | Q74: 126.9 | S74: 125.4 | T74: 125.8 | V74: 120.3 | X74: 115.4 | Z74: 119.5 | AB74: 117.1 | AC74: =AB74 -> 117.1 | AE74: 112.6 | AG74: 116.4 | AI74: 113 | AJ74: 109.7 | AL74: 114 | AN74: 120.3 | AP74: 109.6 | AR74: 113.4 | AT74: 119
A75: Rural+Urban | B75: 2014 | C75: November | D75: 123.3 | F75: 123.7 | H75: 121 | I75: 124.2 | J75: 107.8 | K75: 125.7 | L75: 152.4 | M75: 117.2 | N75: 102.1 | O75: 118.7 | P75: 116.4 | Q75: 125.6 | S75: 125.1 | T75: 122.1 | V75: 122.1 | X75: 118.4 | Z75: 121.6 | AB75: 117.1 | AC75: =AB75 -> 117.1 | AE75: 115.5 | AG75: 117.3 | AI75: 114.8 | AJ75: 110.8 | AL75: 113.7 | AN75: 119 | AP75: 109.1 | AR75: 113.8 | AT75: 120.1
A76: Rural | B76: 2014 | C76: December | D76: 122.4 | F76: 122.4 | H76: 121.8 | I76: 124.2 | J76: 110.2 | K76: 128.6 | L76: 140.3 | M76: 116.3 | N76: 102 | O76: 116 | P76: 117.3 | Q76: 124.8 | S76: 123.3 | T76: 121.7 | V76: 123.8 | X76: 120.6 | Z76: 123.3 | AB76: NA | AC76: =AB77 -> 116.5 | AE76: 117.4 | AG76: 118.2 | AI76: 116.2 | AJ76: 111.5 | AL76: 113.3 | AN76: 117.7 | AP76: 109.4 | AR76: 114.2 | AT76: 120.3
A77: Urban | B77: 2014 | C77: December | D77: 124 | F77: 124.7 | H77: 126.3 | I77: 124.9 | J77: 103 | K77: 122.3 | L77: 141 | M77: 120.1 | N77: 97.8 | O77: 125.4 | P77: 116.1 | Q77: 127.6 | S77: 124 | T77: 126.4 | V77: 120.7 | X77: 115.8 | Z77: 120 | AB77: 116.5 | AC77: =AB77 -> 116.5 | AE77: 113 | AG77: 116.8 | AI77: 113.2 | AJ77: 108.8 | AL77: 114.3 | AN77: 120.7 | AP77: 110.4 | AR77: 113.4 | AT77: 118.4
A78: Rural+Urban | B78: 2014 | C78: December | D78: 122.9 | F78: 123.2 | H78: 123.5 | I78: 124.5 | J78: 107.6 | K78: 125.7 | L78: 140.5 | M78: 117.6 | N78: 100.6 | O78: 119.1 | P78: 116.8 | Q78: 126.1 | S78: 123.6 | T78: 123 | V78: 122.6 | X78: 118.6 | Z78: 122 | AB78: 116.5 | AC78: =AB78 -> 116.5 | AE78: 115.7 | AG78: 117.5 | AI78: 115.1 | AJ78: 110.1 | AL78: 113.9 | AN78: 119.5 | AP78: 109.8 | AR78: 113.8 | AT78: 119.4
A79: Rural | B79: 2015 | C79: January | D79: 123.1 | F79: 123.1 | H79: 122.1 | I79: 124.9 | J79: 111 | K79: 130.4 | L79: 132.3 | M79: 117.2 | N79: 100.5 | O79: 117.2 | P79: 117.9 | Q79: 125.6 | S79: 122.8 | T79: 122.7 | V79: 124.4 | X79: 121.6 | Z79: 124 | AB79: NA | AC79: =AB80 -> 117.3 | AE79: 118.4 | AG79: 118.9 | AI79: 116.6 | AJ79: 111 | AL79: 114 | AN79: 118.2 | AP79: 110.2 | AR79: 114.5 | AT79: 120.3
A80: Urban | B80: 2015 | C80: January | D80: 124 | F80: 125.5 | H80: 126.6 | I80: 125.2 | J80: 104.3 | K80: 121.3 | L80: 134.4 | M80: 122.9 | N80: 96.1 | O80: 126.6 | P80: 116.5 | Q80: 128 | S80: 123.5 | T80: 127.4 | V80: 121 | X80: 116.1 | Z80: 120.2 | AB80: 117.3 | AC80: =AB80 -> 117.3 | AE80: 113.4 | AG80: 117.2 | AI80: 113.7 | AJ80: 107.9 | AL80: 114.6 | AN80: 120.8 | AP80: 111.4 | AR80: 113.4 | AT80: 118.5
A81: Rural+Urban | B81: 2015 | C81: January | D81: 123.4 | F81: 123.9 | H81: 123.8 | I81: 125 | J81: 108.5 | K81: 126.2 | L81: 133 | M81: 119.1 | N81: 99 | O81: 120.3 | P81: 117.3 | Q81: 126.7 | S81: 123.1 | T81: 124 | V81: 123.1 | X81: 119.3 | Z81: 122.5 | AB81: 117.3 | AC81: =AB81 -> 117.3 | AE81: 116.5 | AG81: 118.1 | AI81: 115.5 | AJ81: 109.4 | AL81: 114.3 | AN81: 119.7 | AP81: 110.7 | AR81: 114 | AT81: 119.5
A82: Rural | B82: 2015 | C82: February | D82: 123.4 | F82: 124.4 | H82: 122.1 | I82: 125.8 | J82: 111.5 | K82: 129.4 | L82: 128.2 | M82: 118.8 | N82: 100 | O82: 118.6 | P82: 118.8 | Q82: 126.8 | S82: 122.8 | T82: 124.2 | V82: 125.4 | X82: 122.7 | Z82: 125 | AB82: NA | AC82: =AB83 -> 118.1 | AE82: 120 | AG82: 119.6 | AI82: 117.7 | AJ82: 110.9 | AL82: 114.8 | AN82: 118.7 | AP82: 110.8 | AR82: 115 | AT82: 120.6
A83: Urban | B83: 2015 | C83: February | D83: 124.3 | F83: 126.5 | H83: 119.5 | I83: 125.6 | J83: 104.9 | K83: 121.6 | L83: 131.8 | M83: 125.1 | N83: 95 | O83: 127.7 | P83: 116.8 | Q83: 128.6 | S83: 123.7 | T83: 128.1 | V83: 121.3 | X83: 116.5 | Z83: 120.6 | AB83: 118.1 | AC83: =AB83 -> 118.1 | AE83: 114 | AG83: 117.7 | AI83: 114.1 | AJ83: 106.8 | AL83: 114.9 | AN83: 120.4 | AP83: 111.7 | AR83: 113.2 | AT83: 118.7
A84: Rural+Urban | B84: 2015 | C84: February | D84: 123.7 | F84: 125.1 | H84: 121.1 | I84: 125.7 | J84: 109.1 | K84: 125.8 | L84: 129.4 | M84: 120.9 | N84: 98.3 | O84: 121.6 | P84: 118 | Q84: 127.6 | S84: 123.1 | T84: 125.2 | V84: 123.8 | X84: 120.1 | Z84: 123.3 | AB84: 118.1 | AC84: =AB84 -> 118.1 | AE84: 117.7 | AG84: 118.7 | AI84: 116.3 | AJ84: 108.7 | AL84: 114.9 | AN84: 119.7 | AP84: 111.2 | AR84: 114.1 | AT84: 119.7
A85: Rural | B85: 2015 | C85: March | D85: 123.3 | F85: 124.7 | H85: 118.9 | I85: 126 | J85: 111.8 | K85: 130.9 | L85: 128 | M85: 119.9 | N85: 98.9 | O85: 119.4 | P85: 118.9 | Q85: 127.7 | S85: 123.1 | T85: 124.7 | V85: 126 | X85: 122.9 | Z85: 125.5 | AB85: NA | AC85: =AB86 -> 118.6 | AE85: 120.6 | AG85: 120.2 | AI85: 118.2 | AJ85: 111.6 | AL85: 115.5 | AN85: 119.4 | AP85: 110.8 | AR85: 115.5 | AT85: 121.1
A86: Urban | B86: 2015 | C86: March | D86: 124 | F86: 126.7 | H86: 113.5 | I86: 125.9 | J86: 104.8 | K86: 123.8 | L86: 131.4 | M86: 127.2 | N86: 93.2 | O86: 127.4 | P86: 117 | Q86: 129.2 | S86: 123.9 | T86: 128.8 | V86: 121.7 | X86: 116.9 | Z86: 120.9 | AB86: 118.6 | AC86: =AB86 -> 118.6 | AE86: 114.4 | AG86: 118 | AI86: 114.3 | AJ86: 108.4 | AL86: 115.4 | AN86: 120.6 | AP86: 111.3 | AR86: 113.8 | AT86: 119.1
A87: Rural+Urban | B87: 2015 | C87: March | D87: 123.5 | F87: 125.4 | H87: 116.8 | I87: 126 | J87: 109.2 | K87: 127.6 | L87: 129.2 | M87: 122.4 | N87: 97 | O87: 122.1 | P87: 118.1 | Q87: 128.4 | S87: 123.4 | T87: 125.8 | V87: 124.3 | X87: 120.4 | Z87: 123.7 | AB87: 118.6 | AC87: =AB87 -> 118.6 | AE87: 118.3 | AG87: 119.2 | AI87: 116.7 | AJ87: 109.9 | AL87: 115.4 | AN87: 120.1 | AP87: 111 | AR87: 114.7 | AT87: 120.2
A88: Rural | B88: 2015 | C88: April | D88: 123.3 | F88: 125.5 | H88: 117.2 | I88: 126.8 | J88: 111.9 | K88: 134.2 | L88: 127.5 | M88: 121.5 | N88: 97.8 | O88: 119.8 | P88: 119.4 | Q88: 128.7 | S88: 123.6 | T88: 125.7 | V88: 126.4 | X88: 123.3 | Z88: 126 | AB88: NA | AC88: =AB89 -> 119.2 | AE88: 121.2 | AG88: 120.9 | AI88: 118.6 | AJ88: 111.9 | AL88: 116.2 | AN88: 119.9 | AP88: 111.6 | AR88: 116 | AT88: 121.5
A89: Urban | B89: 2015 | C89: April | D89: 123.8 | F89: 128.2 | H89: 110 | I89: 126.3 | J89: 104.5 | K89: 130.6 | L89: 130.8 | M89: 131.3 | N89: 91.6 | O89: 127.7 | P89: 117.2 | Q89: 129.5 | S89: 124.6 | T89: 130.1 | V89: 122.1 | X89: 117.2 | Z89: 121.3 | AB89: 119.2 | AC89: =AB89 -> 119.2 | AE89: 114.7 | AG89: 118.4 | AI89: 114.6 | AJ89: 108.4 | AL89: 115.6 | AN89: 121.7 | AP89: 111.8 | AR89: 114.2 | AT89: 119.7
A90: Rural+Urban | B90: 2015 | C90: April | D90: 123.5 | F90: 126.4 | H90: 114.4 | I90: 126.6 | J90: 109.2 | K90: 132.5 | L90: 128.6 | M90: 124.8 | N90: 95.7 | O90: 122.4 | P90: 118.5 | Q90: 129.1 | S90: 124 | T90: 126.9 | V90: 124.7 | X90: 120.8 | Z90: 124.1 | AB90: 119.2 | AC90: =AB90 -> 119.2 | AE90: 118.7 | AG90: 119.7 | AI90: 117.1 | AJ90: 110.1 | AL90: 115.9 | AN90: 121 | AP90: 111.7 | AR90: 115.1 | AT90: 120.7
A91: Rural | B91: 2015 | C91: May | D91: 123.5 | F91: 127.1 | H91: 117.3 | I91: 127.7 | J91: 112.5 | K91: 134.1 | L91: 128.5 | M91: 124.3 | N91: 97.6 | O91: 120.7 | P91: 120.2 | Q91: 129.8 | S91: 124.4 | T91: 126.7 | V91: 127.3 | X91: 124.1 | Z91: 126.8 | AB91: NA | AC91: =AB92 -> 119.6 | AE91: 121.9 | AG91: 121.5 | AI91: 119.4 | AJ91: 113.3 | AL91: 116.7 | AN91: 120.5 | AP91: 112.3 | AR91: 116.9 | AT91: 122.4
A92: Urban | B92: 2015 | C92: May | D92: 123.8 | F92: 129.7 | H92: 111.3 | I92: 126.6 | J92: 105.2 | K92: 130.8 | L92: 135.6 | M92: 142.6 | N92: 90.8 | O92: 128.8 | P92: 117.7 | Q92: 129.9 | S92: 126.1 | T92: 131.3 | V92: 122.4 | X92: 117.4 | Z92: 121.6 | AB92: 119.6 | AC92: =AB92 -> 119.6 | AE92: 114.9 | AG92: 118.7 | AI92: 114.9 | AJ92: 110.8 | AL92: 116 | AN92: 122 | AP92: 112.4 | AR92: 115.2 | AT92: 120.7
A93: Rural+Urban | B93: 2015 | C93: May | D93: 123.6 | F93: 128 | H93: 115 | I93: 127.3 | J93: 109.8 | K93: 132.6 | L93: 130.9 | M93: 130.5 | N93: 95.3 | O93: 123.4 | P93: 119.2 | Q93: 129.8 | S93: 125 | T93: 127.9 | V93: 125.4 | X93: 121.3 | Z93: 124.7 | AB93: 119.6 | AC93: =AB93 -> 119.6 | AE93: 119.2 | AG93: 120.2 | AI93: 117.7 | AJ93: 112 | AL93: 116.3 | AN93: 121.4 | AP93: 112.3 | AR93: 116.1 | AT93: 121.6
A94: Rural | B94: 2015 | C94: June | D94: 124.1 | F94: 130.4 | H94: 122.1 | I94: 128.7 | J94: 114.1 | K94: 133.2 | L94: 135.2 | M94: 131.9 | N94: 96.3 | O94: 123 | P94: 121.1 | Q94: 131.2 | S94: 126.6 | T94: 128.2 | V94: 128.4 | X94: 125.1 | Z94: 128 | AB94: NA | AC94: =AB95 -> 119 | AE94: 122.6 | AG94: 122.8 | AI94: 120.4 | AJ94: 114.2 | AL94: 117.9 | AN94: 122 | AP94: 113 | AR94: 117.9 | AT94: 124.1
A95: Urban | B95: 2015 | C95: June | D95: 123.6 | F95: 134.4 | H95: 120.9 | I95: 127.3 | J95: 106 | K95: 132.3 | L95: 146.7 | M95: 148.1 | N95: 89.8 | O95: 130.5 | P95: 118 | Q95: 130.5 | S95: 128.5 | T95: 132.1 | V95: 123.2 | X95: 117.6 | Z95: 122.3 | AB95: 119 | AC95: =AB95 -> 119 | AE95: 115.1 | AG95: 119.2 | AI95: 115.4 | AJ95: 111.7 | AL95: 116.2 | AN95: 123.8 | AP95: 112.5 | AR95: 116 | AT95: 121.7
A96: Rural+Urban | B96: 2015 | C96: June | D96: 123.9 | F96: 131.8 | H96: 121.6 | I96: 128.2 | J96: 111.1 | K96: 132.8 | L96: 139.1 | M96: 137.4 | N96: 94.1 | O96: 125.5 | P96: 119.8 | Q96: 130.9 | S96: 127.3 | T96: 129.2 | V96: 126.4 | X96: 122 | Z96: 125.7 | AB96: 119 | AC96: =AB96 -> 119 | AE96: 119.8 | AG96: 121.1 | AI96: 118.5 | AJ96: 112.9 | AL96: 116.9 | AN96: 123.1 | AP96: 112.8 | AR96: 117 | AT96: 123
A97: Rural | B97: 2015 | C97: July | D97: 124 | F97: 131.5 | H97: 122 | I97: 128.7 | J97: 113.5 | K97: 133.3 | L97: 140.8 | M97: 133.8 | N97: 94.1 | O97: 123.4 | P97: 121 | Q97: 131.7 | S97: 127.5 | T97: 129.4 | V97: 128.8 | X97: 125.5 | Z97: 128.3 | AB97: NA | AC97: =AB98 -> 119.9 | AE97: 123 | AG97: 123 | AI97: 120.8 | AJ97: 114.1 | AL97: 118 | AN97: 122.9 | AP97: 112.7 | AR97: 118.1 | AT97: 124.7
A98: Urban | B98: 2015 | C98: July | D98: 123.2 | F98: 134.3 | H98: 119.5 | I98: 127.7 | J98: 106.3 | K98: 132.8 | L98: 153.5 | M98: 149.5 | N98: 85.7 | O98: 131.5 | P98: 118.3 | Q98: 131.1 | S98: 129.5 | T98: 133.1 | V98: 123.5 | X98: 117.9 | Z98: 122.7 | AB98: 119.9 | AC98: =AB98 -> 119.9 | AE98: 115.3 | AG98: 119.5 | AI98: 116 | AJ98: 111.5 | AL98: 116.6 | AN98: 125.4 | AP98: 111.7 | AR98: 116.3 | AT98: 122.4
A99: Rural+Urban | B99: 2015 | C99: July | D99: 123.7 | F99: 132.5 | H99: 121 | I99: 128.3 | J99: 110.9 | K99: 133.1 | L99: 145.1 | M99: 139.1 | N99: 91.3 | O99: 126.1 | P99: 119.9 | Q99: 131.4 | S99: 128.2 | T99: 130.4 | V99: 126.7 | X99: 122.3 | Z99: 126.1 | AB99: 119.9 | AC99: =AB99 -> 119.9 | AE99: 120.1 | AG99: 121.3 | AI99: 119 | AJ99: 112.7 | AL99: 117.2 | AN99: 124.4 | AP99: 112.3 | AR99: 117.2 | AT99: 123.6
A100: Rural | B100: 2015 | C100: August | D100: 124.7 | F100: 131.3 | H100: 121.3 | I100: 128.8 | J100: 114 | K100: 134.2 | L100: 153.6 | M100: 137.9 | N100: 93.1 | O100: 123.9 | P100: 121.5 | Q100: 132.5 | S100: 129.8 | T100: 130.1 | V100: 129.5 | X100: 126.3 | Z100: 129 | AB100: NA | AC100: =AB101 -> 120.9 | AE100: 123.8 | AG100: 123.7 | AI100: 121.1 | AJ100: 113.6 | AL100: 118.5 | AN100: 123.6 | AP100: 112.5 | AR100: 118.2 | AT100: 126.1
A101: Urban | B101: 2015 | C101: August | D101: 123.1 | F101: 131.7 | H101: 118.1 | I101: 128 | J101: 106.8 | K101: 130.1 | L101: 165.5 | M101: 156 | N101: 85.3 | O101: 132.7 | P101: 118.8 | Q101: 131.7 | S101: 131.1 | T101: 134.2 | V101: 123.7 | X101: 118.2 | Z101: 122.9 | AB101: 120.9 | AC101: =AB101 -> 120.9 | AE101: 115.3 | AG101: 120 | AI101: 116.6 | AJ101: 109.9 | AL101: 117.2 | AN101: 126.2 | AP101: 112 | AR101: 116.2 | AT101: 123.2
A102: Rural+Urban | B102: 2015 | C102: August | D102: 124.2 | F102: 131.4 | H102: 120.1 | I102: 128.5 | J102: 111.4 | K102: 132.3 | L102: 157.6 | M102: 144 | N102: 90.5 | O102: 126.8 | P102: 120.4 | Q102: 132.1 | S102: 130.3 | T102: 131.2 | V102: 127.2 | X102: 122.9 | Z102: 126.6 | AB102: 120.9 | AC102: =AB102 -> 120.9 | AE102: 120.6 | AG102: 122 | AI102: 119.4 | AJ102: 111.7 | AL102: 117.8 | AN102: 125.1 | AP102: 112.3 | AR102: 117.2 | AT102: 124.8
...

Sheet Cleaned Data
A1: Sector | B1: Year | C1: Month | D1: Cereals and products | E1: Meat and fish | F1: Egg | G1: Milk and products | H1: Oils and fats | I1: Fruits | J1: Vegetables | K1: Pulses and products | L1: Sugar and Confectionery | M1: Spices | N1: Non-alcoholic beverages | O1: Prepared meals, snacks, sweets etc. | P1: Food and beverages | Q1: Pan, tobacco and intoxicants | R1: Clothing | S1: Footwear | T1: Clothing and footwear | U1: Housing | V1: Fuel and light | W1: Household goods and services | X1: Health | Y1: Transport and communication | Z1: Recreation and amusement | AA1: Education | AB1: Personal care and effects | AC1: Miscellaneous | AD1: General index
A2: Rural | B2: 2013 | C2: January | D2: 107.5 | E2: 106.3 | F2: 108.1 | G2: 104.9 | H2: 106.1 | I2: 103.9 | J2: 101.9 | K2: 106.1 | L2: 106.8 | M2: 103.1 | N2: 104.8 | O2: 106.7 | P2: 105.5 | Q2: 105.1 | R2: 106.5 | S2: 105.8 | T2: 106.4 | U2: =U3 -> 100.3 | V2: 105.5 | W2: 104.8 | X2: 104 | Y2: 103.3 | Z2: 103.4 | AA2: 103.8 | AB2: 104.7 | AC2: 104 | AD2: 105.1
A3: Urban | B3: 2013 | C3: January | D3: 110.5 | E3: 109.1 | F3: 113 | G3: 103.6 | H3: 103.4 | I3: 102.3 | J3: 102.9 | K3: 105.8 | L3: 105.1 | M3: 101.8 | N3: 105.1 | O3: 107.9 | P3: 105.9 | Q3: 105.2 | R3: 105.9 | S3: 105 | T3: 105.8 | U3: 100.3 | V3: 105.4 | W3: 104.8 | X3: 104.1 | Y3: 103.2 | Z3: 102.9 | AA3: 103.5 | AB3: 104.3 | AC3: 103.7 | AD3: 104
A4: Rural+Urban | B4: 2013 | C4: January | D4: 108.4 | E4: 107.3 | F4: 110 | G4: 104.4 | H4: 105.1 | I4: 103.2 | J4: 102.2 | K4: 106 | L4: 106.2 | M4: 102.7 | N4: 104.9 | O4: 107.3 | P4: 105.6 | Q4: 105.1 | R4: 106.3 | S4: 105.5 | T4: 106.2 | U4: 100.3 | V4: 105.5 | W4: 104.8 | X4: 104 | Y4: 103.2 | Z4: 103.1 | AA4: 103.6 | AB4: 104.5 | AC4: 103.9 | AD4: 104.6
A5: Rural | B5: 2013 | C5: February | D5: 109.2 | E5: 108.7 | F5: 110.2 | G5: 105.4 | H5: 106.7 | I5: 104 | J5: 102.4 | K5: 105.9 | L5: 105.7 | M5: 103.1 | N5: 105.1 | O5: 107.7 | P5: 106.3 | Q5: 105.6 | R5: 107.1 | S5: 106.3 | T5: 107 | U5: =U6 -> 100.4 | V5: 106.2 | W5: 105.2 | X5: 104.4 | Y5: 103.9 | Z5: 104 | AA5: 104.1 | AB5: 104.6 | AC5: 104.4 | AD5: 105.8
A6: Urban | B6: 2013 | C6: February | D6: 112.9 | E6: 112.9 | F6: 116.9 | G6: 104 | H6: 103.5 | I6: 103.1 | J6: 104.9 | K6: 104.1 | L6: 103.8 | M6: 102.3 | N6: 106 | O6: 109 | P6: 107.2 | Q6: 106 | R6: 106.6 | S6: 105.5 | T6: 106.4 | U6: 100.4 | V6: 105.7 | W6: 105.2 | X6: 104.7 | Y6: 104.4 | Z6: 103.3 | AA6: 103.7 | AB6: 104.3 | AC6: 104.3 | AD6: 104.7
A7: Rural+Urban | B7: 2013 | C7: February | D7: 110.4 | E7: 110.2 | F7: 112.8 | G7: 104.9 | H7: 105.5 | I7: 103.6 | J7: 103.2 | K7: 105.3 | L7: 105.1 | M7: 102.8 | N7: 105.5 | O7: 108.3 | P7: 106.6 | Q7: 105.7 | R7: 106.9 | S7: 106 | T7: 106.8 | U7: 100.4 | V7: 106 | W7: 105.2 | X7: 104.5 | Y7: 104.2 | Z7: 103.6 | AA7: 103.9 | AB7: 104.5 | AC7: 104.4 | AD7: 105.3
A8: Rural | B8: 2013 | C8: March | D8: 110.2 | E8: 108.8 | F8: 109.9 | G8: 105.6 | H8: 106.2 | I8: 105.7 | J8: 101.4 | K8: 105.7 | L8: 105 | M8: 103.3 | N8: 105.6 | O8: 108.2 | P8: 106.6 | Q8: 106.5 | R8: 107.6 | S8: 106.8 | T8: 107.5 | U8: =U9 -> 100.4 | V8: 106.1 | W8: 105.6 | X8: 104.7 | Y8: 104.6 | Z8: 104 | AA8: 104.3 | AB8: 104.3 | AC8: 104.6 | AD8: 106
A9: Urban | B9: 2013 | C9: March | D9: 113.9 | E9: 111.4 | F9: 113.2 | G9: 104.3 | H9: 102.7 | I9: 104.9 | J9: 103.8 | K9: 103.5 | L9: 102.6 | M9: 102.4 | N9: 107 | O9: 109.8 | P9: 107.3 | Q9: 106.8 | R9: 107.2 | S9: 106 | T9: 107 | U9: 100.4 | V9: 106 | W9: 105.7 | X9: 105.2 | Y9: 105.5 | Z9: 103.5 | AA9: 103.8 | AB9: 104.2 | AC9: 104.9 | AD9: 105
A10: Rural+Urban | B10: 2013 | C10: March | D10: 111.4 | E10: 109.7 | F10: 111.2 | G10: 105.1 | H10: 104.9 | I10: 105.3 | J10: 102.2 | K10: 105 | L10: 104.2 | M10: 103 | N10: 106.2 | O10: 108.9 | P10: 106.9 | Q10: 106.6 | R10: 107.4 | S10: 106.5 | T10: 107.3 | U10: 100.4 | V10: 106.1 | W10: 105.6 | X10: 104.9 | Y10: 105.1 | Z10: 103.7 | AA10: 104 | AB10: 104.3 | AC10: 104.7 | AD10: 105.5
A11: Rural | B11: 2013 | C11: April | D11: 110.2 | E11: 109.5 | F11: 106.9 | G11: 106.3 | H11: 105.7 | I11: 108.3 | J11: 103.4 | K11: 105.7 | L11: 104.2 | M11: 103.2 | N11: 106.5 | O11: 108.8 | P11: 107.1 | Q11: 107.1 | R11: 108.1 | S11: 107.4 | T11: 108 | U11: =U12 -> 100.5 | V11: 106.5 | W11: 106.1 | X11: 105.1 | Y11: 104.4 | Z11: 104.5 | AA11: 104.8 | AB11: 102.7 | AC11: 104.6 | AD11: 106.4
A12: Urban | B12: 2013 | C12: April | D12: 114.6 | E12: 113.4 | F12: 106 | G12: 104.7 | H12: 102.1 | I12: 109.5 | J12: 109.7 | K12: 104.6 | L12: 102 | M12: 103.5 | N12: 108.2 | O12: 110.6 | P12: 108.8 | Q12: 108.5 | R12: 107.9 | S12: 106.4 | T12: 107.7 | U12: 100.5 | V12: 106.4 | W12: 106.5 | X12: 105.7 | Y12: 105 | Z12: 104 | AA12: 105.2 | AB12: 103.2 | AC12: 105.1 | AD12: 105.7
A13: Rural+Urban | B13: 2013 | C13: April | D13: 111.6 | E13: 110.9 | F13: 106.6 | G13: 105.7 | H13: 104.4 | I13: 108.9 | J13: 105.5 | K13: 105.3 | L13: 103.5 | M13: 103.3 | N13: 107.2 | O13: 109.6 | P13: 107.7 | Q13: 107.5 | R13: 108 | S13: 107 | T13: 107.9 | U13: 100.5 | V13: 106.5 | W13: 106.3 | X13: 105.3 | Y13: 104.7 | Z13: 104.2 | AA13: 105 | AB13: 102.9 | AC13: 104.8 | AD13: 106.1
A14: Rural | B14: 2013 | C14: May | D14: 110.9 | E14: 109.8 | F14: 105.9 | G14: 107.5 | H14: 105.3 | I14: 108.1 | J14: 107.3 | K14: 106.1 | L14: 103.7 | M14: 104 | N14: 107.4 | O14: 109.9 | P14: 108.1 | Q14: 108.1 | R14: 108.8 | S14: 107.9 | T14: 108.6 | U14: =U15 -> 100.5 | V14: 107.5 | W14: 106.8 | X14: 105.7 | Y14: 104.1 | Z14: 105 | AA14: 105.5 | AB14: 102.1 | AC14: 104.8 | AD14: 107.2
A15: Urban | B15: 2013 | C15: May | D15: 115.4 | E15: 114.2 | F15: 102.7 | G15: 105.5 | H15: 101.5 | I15: 110.6 | J15: 123.7 | K15: 105.2 | L15: 101.9 | M15: 105 | N15: 109.1 | O15: 111.3 | P15: 111.1 | Q15: 109.8 | R15: 108.5 | S15: 106.7 | T15: 108.3 | U15: 100.5 | V15: 107.2 | W15: 107.1 | X15: 106.2 | Y15: 103.9 | Z15: 104.6 | AA15: 105.7 | AB15: 102.6 | AC15: 104.9 | AD15: 106.6
A16: Rural+Urban | B16: 2013 | C16: May | D16: 112.3 | E16: 111.3 | F16: 104.7 | G16: 106.8 | H16: 103.9 | I16: 109.3 | J16: 112.9 | K16: 105.8 | L16: 103.1 | M16: 104.3 | N16: 108.1 | O16: 110.5 | P16: 109.2 | Q16: 108.6 | R16: 108.7 | S16: 107.4 | T16: 108.5 | U16: 100.5 | V16: 107.4 | W16: 106.9 | X16: 105.9 | Y16: 104 | Z16: 104.8 | AA16: 105.6 | AB16: 102.3 | AC16: 104.8 | AD16: 106.9
A17: Rural | B17: 2013 | C17: June | D17: 112.3 | E17: 112.1 | F17: 108.1 | G17: 108.3 | H17: 105.9 | I17: 109.2 | J17: 118 | K17: 106.8 | L17: 104.1 | M17: 105.4 | N17: 108.2 | O17: 111 | P17: 110.6 | Q17: 109 | R17: 109.7 | S17: 108.8 | T17: 109.5 | U17: =U18 -> 106.6 | V17: 108.5 | W17: 107.5 | X17: 106.3 | Y17: 105 | Z17: 105.6 | AA17: 106.5 | AB17: 102.5 | AC17: 105.5 | AD17: 108.9
A18: Urban | B18: 2013 | C18: June | D18: 117 | E18: 120.1 | F18: 112.5 | G18: 107.3 | H18: 101.3 | I18: 112.4 | J18: 143.6 | K18: 105.4 | L18: 101.4 | M18: 106.4 | N18: 110 | O18: 112.2 | P18: 115 | Q18: 110.9 | R18: 109.2 | S18: 107.2 | T18: 108.9 | U18: 106.6 | V18: 108 | W18: 107.7 | X18: 106.5 | Y18: 105.2 | Z18: 105.2 | AA18: 108.1 | AB18: 103.3 | AC18: 106.1 | AD18: 109.7
A19: Rural+Urban | B19: 2013 | C19: June | D19: 113.8 | E19: 114.9 | F19: 109.8 | G19: 107.9 | H19: 104.2 | I19: 110.7 | J19: 126.7 | K19: 106.3 | L19: 103.2 | M19: 105.7 | N19: 109 | O19: 111.6 | P19: 112.2 | Q19: 109.5 | R19: 109.5 | S19: 108.1 | T19: 109.3 | U19: 106.6 | V19: 108.3 | W19: 107.6 | X19: 106.4 | Y19: 105.1 | Z19: 105.4 | AA19: 107.4 | AB19: 102.8 | AC19: 105.8 | AD19: 109.3
A20: Rural | B20: 2013 | C20: July | D20: 113.4 | E20: 114.9 | F20: 110.5 | G20: 109.3 | H20: 106.2 | I20: 110.3 | J20: 129.2 | K20: 107.1 | L20: 104.3 | M20: 106.4 | N20: 109.1 | O20: 112.1 | P20: 113.1 | Q20: 109.8 | R20: 110.5 | S20: 109.5 | T20: 110.3 | U20: =U21 -> 107.7 | V20: 109.5 | W20: 108.3 | X20: 106.9 | Y20: 106.8 | Z20: 106.4 | AA20: 107.8 | AB20: 102.5 | AC20: 106.5 | AD20: 110.7
A21: Urban | B21: 2013 | C21: July | D21: 117.8 | E21: 119.2 | F21: 114 | G21: 108.3 | H21: 101.1 | I21: 113.2 | J21: 160.9 | K21: 105.1 | L21: 101.3 | M21: 107.5 | N21: 110.4 | O21: 113.1 | P21: 117.5 | Q21: 111.7 | R21: 109.8 | S21: 107.8 | T21: 109.5 | U21: 107.7 | V21: 108.6 | W21: 108.1 | X21: 107.1 | Y21: 107.3 | Z21: 105.9 | AA21: 110.1 | AB21: 103.2 | AC21: 107.3 | AD21: 111.4
A22: Rural+Urban | B22: 2013 | C22: July | D22: 114.8 | E22: 116.4 | F22: 111.9 | G22: 108.9 | H22: 104.3 | I22: 111.7 | J22: 140 | K22: 106.4 | L22: 103.3 | M22: 106.8 | N22: 109.6 | O22: 112.6 | P22: 114.7 | Q22: 110.3 | R22: 110.2 | S22: 108.8 | T22: 110 | U22: 107.7 | V22: 109.2 | W22: 108.2 | X22: 107 | Y22: 107.1 | Z22: 106.1 | AA22: 109.1 | AB22: 102.8 | AC22: 106.9 | AD22: 111
A23: Rural | B23: 2013 | C23: August | D23: 114.3 | E23: 115.4 | F23: 111.1 | G23: 110 | H23: 106.4 | I23: 110.8 | J23: 138.9 | K23: 107.4 | L23: 104.1 | M23: 106.9 | N23: 109.7 | O23: 112.6 | P23: 114.9 | Q23: 110.7 | R23: 111.3 | S23: 110.2 | T23: 111.1 | U23: =U24 -> 108.9 | V23: 109.9 | W23: 108.7 | X23: 107.5 | Y23: 107.8 | Z23: 106.8 | AA23: 108.7 | AB23: 105 | AC23: 107.5 | AD23: 112.1
A24: Urban | B24: 2013 | C24: August | D24: 118.3 | E24: 120.4 | F24: 112.7 | G24: 108.9 | H24: 101.1 | I24: 108.7 | J24: 177 | K24: 104.7 | L24: 101 | M24: 108.5 | N24: 110.9 | O24: 114.3 | P24: 119.6 | Q24: 112.4 | R24: 110.6 | S24: 108.3 | T24: 110.2 | U24: 108.9 | V24: 109.3 | W24: 108.7 | X24: 107.6 | Y24: 108.1 | Z24: 106.5 | AA24: 110.8 | AB24: 106 | AC24: 108.3 | AD24: 112.7
A25: Rural+Urban | B25: 2013 | C25: August | D25: 115.6 | E25: 117.2 | F25: 111.7 | G25: 109.6 | H25: 104.5 | I25: 109.8 | J25: 151.8 | K25: 106.5 | L25: 103.1 | M25: 107.4 | N25: 110.2 | O25: 113.4 | P25: 116.6 | Q25: 111.2 | R25: 111 | S25: 109.4 | T25: 110.7 | U25: 108.9 | V25: 109.7 | W25: 108.7 | X25: 107.5 | Y25: 108 | Z25: 106.6 | AA25: 109.9 | AB25: 105.4 | AC25: 107.9 | AD25: 112.4
A26: Rural | B26: 2013 | C26: September | D26: 115.4 | E26: 115.7 | F26: 111.7 | G26: 111 | H26: 107.4 | I26: 110.9 | J26: 154 | K26: 108.1 | L26: 104.2 | M26: 107.9 | N26: 110.4 | O26: 114 | P26: 117.8 | Q26: 111.7 | R26: 112.7 | S26: 111.4 | T26: 112.5 | U26: =U27 -> 109.7 | V26: 111.1 | W26: 109.6 | X26: 108.3 | Y26: 109.3 | Z26: 107.7 | AA26: 109.8 | AB26: 106.7 | AC26: 108.7 | AD26: 114.2
A27: Urban | B27: 2013 | C27: September | D27: 118.6 | E27: 119.1 | F27: 113.2 | G27: 109.6 | H27: 101.7 | I27: 103.2 | J27: 174.3 | K27: 105.1 | L27: 100.8 | M27: 109.1 | N27: 111.1 | O27: 115.4 | P27: 119.2 | Q27: 112.9 | R27: 111.4 | S27: 109 | T27: 111.1 | U27: 109.7 | V27: 109.5 | W27: 109.6 | X27: 107.9 | Y27: 110.4 | Z27: 107.4 | AA27: 111.2 | AB27: 106.9 | AC27: 109.4 | AD27: 113.2
A28: Rural+Urban | B28: 2013 | C28: September | D28: 116.4 | E28: 116.9 | F28: 112.3 | G28: 110.5 | H28: 105.3 | I28: 107.3 | J28: 160.9 | K28: 107.1 | L28: 103.1 | M28: 108.3 | N28: 110.7 | O28: 114.6 | P28: 118.3 | Q28: 112 | R28: 112.2 | S28: 110.4 | T28: 111.9 | U28: 109.7 | V28: 110.5 | W28: 109.6 | X28: 108.1 | Y28: 109.9 | Z28: 107.5 | AA28: 110.6 | AB28: 106.8 | AC28: 109 | AD28: 113.7
A29: Rural | B29: 2013 | C29: October | D29: 116.3 | E29: 115.4 | F29: 112.6 | G29: 111.7 | H29: 107.7 | I29: 113.2 | J29: 164.9 | K29: 108.3 | L29: 103.9 | M29: 108.2 | N29: 111.1 | O29: 114.9 | P29: 119.8 | Q29: 112.2 | R29: 113.6 | S29: 112.3 | T29: 113.4 | U29: =U30 -> 110.5 | V29: 111.6 | W29: 110.4 | X29: 108.9 | Y29: 109.3 | Z29: 108.3 | AA29: 110.2 | AB29: 107.5 | AC29: 109.1 | AD29: 115.5
A30: Urban | B30: 2013 | C30: October | D30: 118.9 | E30: 118.1 | F30: 114.5 | G30: 110.4 | H30: 102.3 | I30: 106.2 | J30: 183.5 | K30: 105.3 | L30: 100.2 | M30: 109.6 | N30: 111.4 | O30: 116 | P30: 120.8 | Q30: 113.5 | R30: 112.5 | S30: 109.7 | T30: 112 | U30: 110.5 | V30: 109.7 | W30: 110.2 | X30: 108.2 | Y30: 109.7 | Z30: 108 | AA30: 111.3 | AB30: 107.3 | AC30: 109.4 | AD30: 114
A31: Rural+Urban | B31: 2013 | C31: October | D31: 117.1 | E31: 116.3 | F31: 113.3 | G31: 111.2 | H31: 105.7 | I31: 109.9 | J31: 171.2 | K31: 107.3 | L31: 102.7 | M31: 108.7 | N31: 111.2 | O31: 115.4 | P31: 120.2 | Q31: 112.5 | R31: 113.2 | S31: 111.2 | T31: 112.8 | U31: 110.5 | V31: 110.9 | W31: 110.3 | X31: 108.6 | Y31: 109.5 | Z31: 108.1 | AA31: 110.8 | AB31: 107.4 | AC31: 109.2 | AD31: 114.8
A32: Rural | B32: 2013 | C32: November | D32: 117.3 | E32: 114.9 | F32: 116.2 | G32: 112.8 | H32: 108.9 | I32: 116.6 | J32: 178.1 | K32: 109.1 | L32: 103.6 | M32: 109 | N32: 111.8 | O32: 116 | P32: 122.5 | Q32: 112.8 | R32: 114.6 | S32: 113.1 | T32: 114.4 | U32: =U33 -> 111.1 | V32: 112.6 | W32: 111.3 | X32: 109.7 | Y32: 109.6 | Z32: 108.7 | AA32: 111 | AB32: 108.2 | AC32: 109.8 | AD32: 117.4
A33: Urban | B33: 2013 | C33: November | D33: 119.8 | E33: 116.3 | F33: 122.6 | G33: 112 | H33: 103.2 | I33: 110 | J33: 192.8 | K33: 106.3 | L33: 99.5 | M33: 110.3 | N33: 111.8 | O33: 117.1 | P33: 122.9 | Q33: 114.1 | R33: 113.5 | S33: 110.3 | T33: 113 | U33: 111.1 | V33: 110 | W33: 110.9 | X33: 108.6 | Y33: 109.5 | Z33: 108.5 | AA33: 111.3 | AB33: 107.9 | AC33: 109.6 | AD33: 115
A34: Rural+Urban | B34: 2013 | C34: November | D34: 118.1 | E34: 115.4 | F34: 118.7 | G34: 112.5 | H34: 106.8 | I34: 113.5 | J34: 183.1 | K34: 108.2 | L34: 102.2 | M34: 109.4 | N34: 111.8 | O34: 116.5 | P34: 122.6 | Q34: 113.1 | R34: 114.2 | S34: 111.9 | T34: 113.8 | U34: 111.1 | V34: 111.6 | W34: 111.1 | X34: 109.3 | Y34: 109.5 | Z34: 108.6 | AA34: 111.2 | AB34: 108.1 | AC34: 109.7 | AD34: 116.3
A35: Rural | B35: 2013 | C35: December | D35: 118.4 | E35: 115.9 | F35: 120.4 | G35: 113.8 | H35: 109.5 | I35: 115.5 | J35: 145.7 | K35: 109.5 | L35: 102.9 | M35: 109.8 | N35: 112.1 | O35: 116.8 | P35: 118.7 | Q35: 113.6 | R35: 115.8 | S35: 114 | T35: 115.5 | U35: =U36 -> 110.7 | V35: 112.8 | W35: 112.1 | X35: 110.1 | Y35: 109.9 | Z35: 109.2 | AA35: 111.6 | AB35: 108.1 | AC35: 110.1 | AD35: 115.5
A36: Urban | B36: 2013 | C36: December | D36: 120.5 | E36: 118.1 | F36: 128.5 | G36: 112.8 | H36: 103.4 | I36: 110.7 | J36: 144.8 | K36: 107.1 | L36: 98.6 | M36: 111.9 | N36: 112.1 | O36: 118.1 | P36: 117.8 | Q36: 115 | R36: 114.2 | S36: 110.9 | T36: 113.7 | U36: 110.7 | V36: 110.4 | W36: 111.3 | X36: 109 | Y36: 109.7 | Z36: 108.9 | AA36: 111.4 | AB36: 107.7 | AC36: 109.8 | AD36: 113.3
A37: Rural+Urban | B37: 2013 | C37: December | D37: 119.1 | E37: 116.7 | F37: 123.5 | G37: 113.4 | H37: 107.3 | I37: 113.3 | J37: 145.4 | K37: 108.7 | L37: 101.5 | M37: 110.5 | N37: 112.1 | O37: 117.4 | P37: 118.4 | Q37: 114 | R37: 115.2 | S37: 112.7 | T37: 114.8 | U37: 110.7 | V37: 111.9 | W37: 111.7 | X37: 109.7 | Y37: 109.8 | Z37: 109 | AA37: 111.5 | AB37: 107.9 | AC37: 110 | AD37: 114.5
A38: Rural | B38: 2014 | C38: January | D38: 118.9 | E38: 117.1 | F38: 120.5 | G38: 114.4 | H38: 109 | I38: 115.5 | J38: 123.9 | K38: 109.6 | L38: 101.8 | M38: 110.2 | N38: 112.4 | O38: 117.3 | P38: 116 | Q38: 114 | R38: 116.5 | S38: 114.5 | T38: 116.2 | U38: =U39 -> 111.6 | V38: 113 | W38: 112.6 | X38: 110.6 | Y38: 110.5 | Z38: 109.6 | AA38: 111.8 | AB38: 108.3 | AC38: 110.6 | AD38: 114.2
A39: Urban | B39: 2014 | C39: January | D39: 121.2 | E39: 122 | F39: 129.9 | G39: 113.6 | H39: 102.9 | I39: 112.1 | J39: 118.9 | K39: 107.5 | L39: 96.9 | M39: 112.7 | N39: 112.1 | O39: 119 | P39: 115.5 | Q39: 115.7 | R39: 114.8 | S39: 111.3 | T39: 114.3 | U39: 111.6 | V39: 111 | W39: 111.9 | X39: 109.7 | Y39: 110.8 | Z39: 109.8 | AA39: 111.5 | AB39: 108 | AC39: 110.5 | AD39: 112.9
A40: Rural+Urban | B40: 2014 | C40: January | D40: 119.6 | E40: 118.8 | F40: 124.1 | G40: 114.1 | H40: 106.8 | I40: 113.9 | J40: 122.2 | K40: 108.9 | L40: 100.2 | M40: 111 | N40: 112.3 | O40: 118.1 | P40: 115.8 | Q40: 114.5 | R40: 115.8 | S40: 113.2 | T40: 115.4 | U40: 111.6 | V40: 112.2 | W40: 112.3 | X40: 110.3 | Y40: 110.7 | Z40: 109.7 | AA40: 111.6 | AB40: 108.2 | AC40: 110.6 | AD40: 113.6
A41: Rural | B41: 2014 | C41: February | D41: 119.4 | E41: 117.7 | F41: 121.2 | G41: 115 | H41: 109 | I41: 116.6 | J41: 116 | K41: 109.8 | L41: 101.1 | M41: 110.4 | N41: 112.9 | O41: 117.8 | P41: 115.3 | Q41: 114.2 | R41: 117.1 | S41: 114.5 | T41: 116.7 | U41: =U42 -> 112.5 | V41: 113.2 | W41: 112.9 | X41: 110.9 | Y41: 110.8 | Z41: 109.9 | AA41: 112 | AB41: 108.7 | AC41: 110.9 | AD41: 114
A42: Urban | B42: 2014 | C42: February | D42: 121.9 | E42: 122 | F42: 124.5 | G42: 115.2 | H42: 102.5 | I42: 114.1 | J42: 111.5 | K42: 108.2 | L42: 95.4 | M42: 113.5 | N42: 112.1 | O42: 119.9 | P42: 115.2 | Q42: 116.2 | R42: 115.3 | S42: 111.7 | T42: 114.7 | U42: 112.5 | V42: 111.1 | W42: 112.6 | X42: 110.4 | Y42: 111.3 | Z42: 110.3 | AA42: 111.6 | AB42: 108.7 | AC42: 111 | AD42: 113.1
A43: Rural+Urban | B43: 2014 | C43: February | D43: 120.2 | E43: 119.2 | F43: 122.5 | G43: 115.1 | H43: 106.6 | I43: 115.4 | J43: 114.5 | K43: 109.3 | L43: 99.2 | M43: 111.4 | N43: 112.6 | O43: 118.8 | P43: 115.3 | Q43: 114.7 | R43: 116.4 | S43: 113.3 | T43: 115.9 | U43: 112.5 | V43: 112.4 | W43: 112.8 | X43: 110.7 | Y43: 111.1 | Z43: 110.1 | AA43: 111.8 | AB43: 108.7 | AC43: 110.9 | AD43: 113.6
A44: Rural | B44: 2014 | C44: March | D44: 120.1 | E44: 118.1 | F44: 120.7 | G44: 116.1 | H44: 109.3 | I44: 119.6 | J44: 117.9 | K44: 110.2 | L44: 101.2 | M44: 110.7 | N44: 113 | O44: 118.3 | P44: 116.2 | Q44: 114.6 | R44: 117.5 | S44: 114.9 | T44: 117.2 | U44: =U45 -> 113.2 | V44: 113.4 | W44: 113.4 | X44: 111.4 | Y44: 111.2 | Z44: 110.2 | AA44: 112.4 | AB44: 108.9 | AC44: 111.3 | AD44: 114.6
A45: Urban | B45: 2014 | C45: March | D45: 122.1 | E45: 121.4 | F45: 121.5 | G45: 116.2 | H45: 102.8 | I45: 117.7 | J45: 113.3 | K45: 108.9 | L45: 96.3 | M45: 114.1 | N45: 112.2 | O45: 120.5 | P45: 116 | Q45: 116.7 | R45: 115.8 | S45: 112.1 | T45: 115.2 | U45: 113.2 | V45: 110.9 | W45: 113 | X45: 110.8 | Y45: 111.6 | Z45: 110.9 | AA45: 111.8 | AB45: 109.2 | AC45: 111.4 | AD45: 113.7
A46: Rural+Urban | B46: 2014 | C46: March | D46: 120.7 | E46: 119.3 | F46: 121 | G46: 116.1 | H46: 106.9 | I46: 118.7 | J46: 116.3 | K46: 109.8 | L46: 99.6 | M46: 111.8 | N46: 112.7 | O46: 119.3 | P46: 116.1 | Q46: 115.2 | R46: 116.8 | S46: 113.7 | T46: 116.4 | U46: 113.2 | V46: 112.5 | W46: 113.2 | X46: 111.2 | Y46: 111.4 | Z46: 110.6 | AA46: 112 | AB46: 109 | AC46: 111.3 | AD46: 114.2
A47: Rural | B47: 2014 | C47: April | D47: 120.2 | E47: 118.9 | F47: 118.1 | G47: 117 | H47: 109.7 | I47: 125.5 | J47: 120.5 | K47: 111 | L47: 102.6 | M47: 111.2 | N47: 113.5 | O47: 118.7 | P47: 117.2 | Q47: 115.4 | R47: 118.1 | S47: 116.1 | T47: 117.8 | U47: =U48 -> 113.9 | V47: 113.4 | W47: 113.7 | X47: 111.8 | Y47: 111.2 | Z47: 110.5 | AA47: 113 | AB47: 108.9 | AC47: 111.5 | AD47: 115.4
A48: Urban | B48: 2014 | C48: April | D48: 122.5 | E48: 121.7 | F48: 113.3 | G48: 117 | H48: 103.1 | I48: 126.7 | J48: 121.2 | K48: 111 | L48: 100.3 | M48: 115.3 | N48: 112.7 | O48: 121 | P48: 118.2 | Q48: 117.6 | R48: 116.3 | S48: 112.5 | T48: 115.7 | U48: 113.9 | V48: 110.9 | W48: 113.4 | X48: 111 | Y48: 111.2 | Z48: 111.2 | AA48: 112.5 | AB48: 109.1 | AC48: 111.4 | AD48: 114.7
A49: Rural+Urban | B49: 2014 | C49: April | D49: 120.9 | E49: 119.9 | F49: 116.2 | G49: 117 | H49: 107.3 | I49: 126.1 | J49: 120.7 | K49: 111 | L49: 101.8 | M49: 112.6 | N49: 113.2 | O49: 119.8 | P49: 117.6 | Q49: 116 | R49: 117.4 | S49: 114.6 | T49: 117 | U49: 113.9 | V49: 112.5 | W49: 113.6 | X49: 111.5 | Y49: 111.2 | Z49: 110.9 | AA49: 112.7 | AB49: 109 | AC49: 111.5 | AD49: 115.1
A50: Rural | B50: 2014 | C50: May | D50: 120.3 | E50: 120.2 | F50: 116.9 | G50: 118 | H50: 110.1 | I50: 126.3 | J50: 123.9 | K50: 111.5 | L50: 103.5 | M50: 111.6 | N50: 114.2 | O50: 119.2 | P50: 118.2 | Q50: 116.3 | R50: 118.7 | S50: 116.8 | T50: 118.5 | U50: =U51 -> 114.3 | V50: 113.4 | W50: 114.1 | X50: 112.1 | Y50: 111.4 | Z50: 110.9 | AA50: 113.1 | AB50: 108.9 | AC50: 111.8 | AD50: 116
A51: Urban | B51: 2014 | C51: May | D51: 122.7 | E51: 124.1 | F51: 114.2 | G51: 119.1 | H51: 103.5 | I51: 129.2 | J51: 127 | K51: 112.6 | L51: 101.3 | M51: 117 | N51: 112.9 | O51: 121.7 | P51: 120 | Q51: 118.3 | R51: 116.8 | S51: 112.9 | T51: 116.2 | U51: 114.3 | V51: 111.1 | W51: 114.1 | X51: 111.2 | Y51: 111.3 | Z51: 111.5 | AA51: 112.9 | AB51: 109.3 | AC51: 111.7 | AD51: 115.6
A52: Rural+Urban | B52: 2014 | C52: May | D52: 121.1 | E52: 121.6 | F52: 115.9 | G52: 118.4 | H52: 107.7 | I52: 127.7 | J52: 125 | K52: 111.9 | L52: 102.8 | M52: 113.4 | N52: 113.7 | O52: 120.4 | P52: 118.9 | Q52: 116.8 | R52: 118 | S52: 115.2 | T52: 117.6 | U52: 114.3 | V52: 112.5 | W52: 114.1 | X52: 111.8 | Y52: 111.3 | Z52: 111.2 | AA52: 113 | AB52: 109.1 | AC52: 111.8 | AD52: 115.8
A53: Rural | B53: 2014 | C53: June | D53: 120.7 | E53: 121.6 | F53: 116.1 | G53: 119.3 | H53: 110.3 | I53: 125.8 | J53: 129.3 | K53: 112.2 | L53: 103.6 | M53: 112.3 | N53: 114.9 | O53: 120.1 | P53: 119.5 | Q53: 117.3 | R53: 119.7 | S53: 117.3 | T53: 119.3 | U53: =U54 -> 113.9 | V53: 114.4 | W53: 114.9 | X53: 112.8 | Y53: 112.2 | Z53: 111.4 | AA53: 114.3 | AB53: 108 | AC53: 112.3 | AD53: 117
A54: Urban | B54: 2014 | C54: June | D54: 123.1 | E54: 125.9 | F54: 115.4 | G54: 120.4 | H54: 103.4 | I54: 131.2 | J54: 137.5 | K54: 112.8 | L54: 101.4 | M54: 118.3 | N54: 113.2 | O54: 122.4 | P54: 122 | Q54: 119 | R54: 117.4 | S54: 113.2 | T54: 116.7 | U54: 113.9 | V54: 111.2 | W54: 114.3 | X54: 111.4 | Y54: 111.5 | Z54: 111.8 | AA54: 115.1 | AB54: 108.7 | AC54: 112.2 | AD54: 116.4
A55: Rural+Urban | B55: 2014 | C55: June | D55: 121.5 | E55: 123.1 | F55: 115.8 | G55: 119.7 | H55: 107.8 | I55: 128.3 | J55: 132.1 | K55: 112.4 | L55: 102.9 | M55: 114.3 | N55: 114.2 | O55: 121.2 | P55: 120.4 | Q55: 117.8 | R55: 118.8 | S55: 115.6 | T55: 118.3 | U55: 113.9 | V55: 113.2 | W55: 114.6 | X55: 112.3 | Y55: 111.8 | Z55: 111.6 | AA55: 114.8 | AB55: 108.3 | AC55: 112.3 | AD55: 116.7
A56: Rural | B56: 2014 | C56: July | D56: 121.7 | E56: 122.5 | F56: 117.7 | G56: 120.6 | H56: 110.4 | I56: 129.1 | J56: 150.1 | K56: 113.2 | L56: 104.8 | M56: 113.3 | N56: 115.6 | O56: 120.9 | P56: 123.3 | Q56: 118 | R56: 120.7 | S56: 118.3 | T56: 120.3 | U56: =U57 -> 114.8 | V56: 115.3 | W56: 115.4 | X56: 113.4 | Y56: 113.2 | Z56: 111.8 | AA56: 115.5 | AB56: 108.8 | AC56: 113.1 | AD56: 119.5
A57: Urban | B57: 2014 | C57: July | D57: 123.8 | E57: 126.4 | F57: 118 | G57: 121.6 | H57: 103.5 | I57: 133.7 | J57: 172.4 | K57: 113.1 | L57: 102.7 | M57: 120 | N57: 113.8 | O57: 123.4 | P57: 127.1 | Q57: 121 | R57: 118 | S57: 113.6 | T57: 117.4 | U57: 114.8 | V57: 111.6 | W57: 114.9 | X57: 111.5 | Y57: 113 | Z57: 112.4 | AA57: 117.8 | AB57: 109.7 | AC57: 113.5 | AD57: 118.9
A58: Rural+Urban | B58: 2014 | C58: July | D58: 122.4 | E58: 123.9 | F58: 117.8 | G58: 121 | H58: 107.9 | I58: 131.2 | J58: 157.7 | K58: 113.2 | L58: 104.1 | M58: 115.5 | N58: 114.8 | O58: 122.1 | P58: 124.7 | Q58: 118.8 | R58: 119.6 | S58: 116.3 | T58: 119.1 | U58: 114.8 | V58: 113.9 | W58: 115.2 | X58: 112.7 | Y58: 113.1 | Z58: 112.1 | AA58: 116.8 | AB58: 109.2 | AC58: 113.3 | AD58: 119.2
A59: Rural | B59: 2014 | C59: August | D59: 121.8 | E59: 122.8 | F59: 117.8 | G59: 121.9 | H59: 110.6 | I59: 129.7 | J59: 161.1 | K59: 114.1 | L59: 105.1 | M59: 114.6 | N59: 115.8 | O59: 121.7 | P59: 125.3 | Q59: 118.8 | R59: 120.9 | S59: 118.8 | T59: 120.7 | U59: =U60 -> 115.5 | V59: 115.4 | W59: 115.9 | X59: 114 | Y59: 113.2 | Z59: 112.2 | AA59: 116.2 | AB59: 109.4 | AC59: 113.5 | AD59: 120.7
A60: Urban | B60: 2014 | C60: August | D60: 124.8 | E60: 127.3 | F60: 116.5 | G60: 122.2 | H60: 103.6 | I60: 132.7 | J60: 181.9 | K60: 115.2 | L60: 102.7 | M60: 122.1 | N60: 114.4 | O60: 124.7 | P60: 128.9 | Q60: 123 | R60: 118.6 | S60: 114.1 | T60: 117.9 | U60: 115.5 | V60: 111.8 | W60: 115.3 | X60: 112.2 | Y60: 112.5 | Z60: 112.9 | AA60: 119.2 | AB60: 110.5 | AC60: 113.9 | AD60: 119.9
A61: Rural+Urban | B61: 2014 | C61: August | D61: 122.7 | E61: 124.4 | F61: 117.3 | G61: 122 | H61: 108 | I61: 131.1 | J61: 168.2 | K61: 114.5 | L61: 104.3 | M61: 117.1 | N61: 115.2 | O61: 123.1 | P61: 126.6 | Q61: 119.9 | R61: 120 | S61: 116.8 | T61: 119.6 | U61: 115.5 | V61: 114 | W61: 115.6 | X61: 113.3 | Y61: 112.8 | Z61: 112.6 | AA61: 118 | AB61: 109.9 | AC61: 113.7 | AD61: 120.3
A62: Rural | B62: 2014 | C62: September | D62: 122.3 | E62: 122.4 | F62: 117.8 | G62: 122.7 | H62: 110.4 | I62: 129.8 | J62: 158.8 | K62: 115 | L62: 104.7 | M62: 114.9 | N62: 116.5 | O62: 122.6 | P62: 125.3 | Q62: 119.5 | R62: 121.7 | S62: 119.2 | T62: 121.3 | U62: =U63 -> 116.1 | V62: 115.8 | W62: 116.7 | X62: 114.5 | Y62: 112.8 | Z62: 112.6 | AA62: 116.6 | AB62: 109.1 | AC62: 113.7 | AD62: 120.9
A63: Urban | B63: 2014 | C63: September | D63: 124.2 | E63: 125.4 | F63: 116.4 | G63: 122.7 | H63: 103.5 | I63: 124.5 | J63: 168.6 | K63: 116.9 | L63: 101.9 | M63: 122.9 | N63: 114.8 | O63: 125.2 | P63: 126.7 | Q63: 124.3 | R63: 119.2 | S63: 114.5 | T63: 118.4 | U63: 116.1 | V63: 111.8 | W63: 115.5 | X63: 112.3 | Y63: 111.2 | Z63: 113.4 | AA63: 120 | AB63: 110 | AC63: 113.6 | AD63: 119.2
A64: Rural+Urban | B64: 2014 | C64: September | D64: 122.9 | E64: 123.5 | F64: 117.3 | G64: 122.7 | H64: 107.9 | I64: 127.3 | J64: 162.1 | K64: 115.6 | L64: 103.8 | M64: 117.6 | N64: 115.8 | O64: 123.8 | P64: 125.8 | Q64: 120.8 | R64: 120.7 | S64: 117.2 | T64: 120.1 | U64: 116.1 | V64: 114.3 | W64: 116.1 | X64: 113.7 | Y64: 112 | Z64: 113.1 | AA64: 118.6 | AB64: 109.5 | AC64: 113.7 | AD64: 120.1
A65: Rural | B65: 2014 | C65: October | D65: 122.6 | E65: 122.5 | F65: 118.3 | G65: 123.2 | H65: 110.5 | I65: 128.9 | J65: 155.3 | K65: 115.5 | L65: 104 | M65: 115.3 | N65: 116.8 | O65: 123.2 | P65: 125.1 | Q65: 120 | R65: 122.7 | S65: 120.3 | T65: 122.3 | U65: =U66 -> 116.7 | V65: 116.4 | W65: 117.5 | X65: 115.3 | Y65: 112.6 | Z65: 113 | AA65: 116.9 | AB65: 109.3 | AC65: 114 | AD65: 121
A66: Urban | B66: 2014 | C66: October | D66: 124.6 | E66: 126.1 | F66: 117.8 | G66: 123.1 | H66: 103.5 | I66: 123.5 | J66: 159.6 | K66: 117.4 | L66: 101.2 | M66: 123.8 | N66: 115.2 | O66: 125.9 | P66: 125.8 | Q66: 124.3 | R66: 119.6 | S66: 114.9 | T66: 118.9 | U66: 116.7 | V66: 112 | W66: 115.8 | X66: 112.6 | Y66: 111 | Z66: 113.6 | AA66: 120.2 | AB66: 110.1 | AC66: 113.7 | AD66: 119.1
A67: Rural+Urban | B67: 2014 | C67: October | D67: 123.2 | E67: 123.8 | F67: 118.1 | G67: 123.2 | H67: 107.9 | I67: 126.4 | J67: 156.8 | K67: 116.1 | L67: 103.1 | M67: 118.1 | N67: 116.1 | O67: 124.5 | P67: 125.4 | Q67: 121.1 | R67: 121.5 | S67: 118.1 | T67: 121 | U67: 116.7 | V67: 114.7 | W67: 116.7 | X67: 114.3 | Y67: 111.8 | Z67: 113.3 | AA67: 118.8 | AB67: 109.6 | AC67: 113.9 | AD67: 120.1
A68: Rural | B68: 2014 | C68: November | D68: 122.7 | E68: 122.6 | F68: 119.9 | G68: 124 | H68: 110.5 | I68: 128.8 | J68: 152 | K68: 116.2 | L68: 103.3 | M68: 115.8 | N68: 116.8 | O68: 124.5 | P68: 124.9 | Q68: 120.8 | R68: 123.3 | S68: 120.5 | T68: 122.9 | U68: =U69 -> 117.1 | V68: 117.3 | W68: 118.1 | X68: 115.9 | Y68: 112 | Z68: 113.3 | AA68: 117.2 | AB68: 108.8 | AC68: 114.1 | AD68: 121.1
A69: Urban | B69: 2014 | C69: November | D69: 124.5 | E69: 125.6 | F69: 122.7 | G69: 124.6 | H69: 103.2 | I69: 122.2 | J69: 153.2 | K69: 119.3 | L69: 99.8 | M69: 124.6 | N69: 115.8 | O69: 126.9 | P69: 125.4 | Q69: 125.8 | R69: 120.3 | S69: 115.4 | T69: 119.5 | U69: 117.1 | V69: 112.6 | W69: 116.4 | X69: 113 | Y69: 109.7 | Z69: 114 | AA69: 120.3 | AB69: 109.6 | AC69: 113.4 | AD69: 119
A70: Rural+Urban | B70: 2014 | C70: November | D70: 123.3 | E70: 123.7 | F70: 121 | G70: 124.2 | H70: 107.8 | I70: 125.7 | J70: 152.4 | K70: 117.2 | L70: 102.1 | M70: 118.7 | N70: 116.4 | O70: 125.6 | P70: 125.1 | Q70: 122.1 | R70: 122.1 | S70: 118.4 | T70: 121.6 | U70: 117.1 | V70: 115.5 | W70: 117.3 | X70: 114.8 | Y70: 110.8 | Z70: 113.7 | AA70: 119 | AB70: 109.1 | AC70: 113.8 | AD70: 120.1
A71: Rural | B71: 2014 | C71: December | D71: 122.4 | E71: 122.4 | F71: 121.8 | G71: 124.2 | H71: 110.2 | I71: 128.6 | J71: 140.3 | K71: 116.3 | L71: 102 | M71: 116 | N71: 117.3 | O71: 124.8 | P71: 123.3 | Q71: 121.7 | R71: 123.8 | S71: 120.6 | T71: 123.3 | U71: =U72 -> 116.5 | V71: 117.4 | W71: 118.2 | X71: 116.2 | Y71: 111.5 | Z71: 113.3 | AA71: 117.7 | AB71: 109.4 | AC71: 114.2 | AD71: 120.3
A72: Urban | B72: 2014 | C72: December | D72: 124 | E72: 124.7 | F72: 126.3 | G72: 124.9 | H72: 103 | I72: 122.3 | J72: 141 | K72: 120.1 | L72: 97.8 | M72: 125.4 | N72: 116.1 | O72: 127.6 | P72: 124 | Q72: 126.4 | R72: 120.7 | S72: 115.8 | T72: 120 | U72: 116.5 | V72: 113 | W72: 116.8 | X72: 113.2 | Y72: 108.8 | Z72: 114.3 | AA72: 120.7 | AB72: 110.4 | AC72: 113.4 | AD72: 118.4
A73: Rural+Urban | B73: 2014 | C73: December | D73: 122.9 | E73: 123.2 | F73: 123.5 | G73: 124.5 | H73: 107.6 | I73: 125.7 | J73: 140.5 | K73: 117.6 | L73: 100.6 | M73: 119.1 | N73: 116.8 | O73: 126.1 | P73: 123.6 | Q73: 123 | R73: 122.6 | S73: 118.6 | T73: 122 | U73: 116.5 | V73: 115.7 | W73: 117.5 | X73: 115.1 | Y73: 110.1 | Z73: 113.9 | AA73: 119.5 | AB73: 109.8 | AC73: 113.8 | AD73: 119.4
A74: Rural | B74: 2015 | C74: January | D74: 123.1 | E74: 123.1 | F74: 122.1 | G74: 124.9 | H74: 111 | I74: 130.4 | J74: 132.3 | K74: 117.2 | L74: 100.5 | M74: 117.2 | N74: 117.9 | O74: 125.6 | P74: 122.8 | Q74: 122.7 | R74: 124.4 | S74: 121.6 | T74: 124 | U74: =U75 -> 117.3 | V74: 118.4 | W74: 118.9 | X74: 116.6 | Y74: 111 | Z74: 114 | AA74: 118.2 | AB74: 110.2 | AC74: 114.5 | AD74: 120.3
A75: Urban | B75: 2015 | C75: January | D75: 124 | E75: 125.5 | F75: 126.6 | G75: 125.2 | H75: 104.3 | I75: 121.3 | J75: 134.4 | K75: 122.9 | L75: 96.1 | M75: 126.6 | N75: 116.5 | O75: 128 | P75: 123.5 | Q75: 127.4 | R75: 121 | S75: 116.1 | T75: 120.2 | U75: 117.3 | V75: 113.4 | W75: 117.2 | X75: 113.7 | Y75: 107.9 | Z75: 114.6 | AA75: 120.8 | AB75: 111.4 | AC75: 113.4 | AD75: 118.5
A76: Rural+Urban | B76: 2015 | C76: January | D76: 123.4 | E76: 123.9 | F76: 123.8 | G76: 125 | H76: 108.5 | I76: 126.2 | J76: 133 | K76: 119.1 | L76: 99 | M76: 120.3 | N76: 117.3 | O76: 126.7 | P76: 123.1 | Q76: 124 | R76: 123.1 | S76: 119.3 | T76: 122.5 | U76: 117.3 | V76: 116.5 | W76: 118.1 | X76: 115.5 | Y76: 109.4 | Z76: 114.3 | AA76: 119.7 | AB76: 110.7 | AC76: 114 | AD76: 119.5
A77: Rural | B77: 2015 | C77: February | D77: 123.4 | E77: 124.4 | F77: 122.1 | G77: 125.8 | H77: 111.5 | I77: 129.4 | J77: 128.2 | K77: 118.8 | L77: 100 | M77: 118.6 | N77: 118.8 | O77: 126.8 | P77: 122.8 | Q77: 124.2 | R77: 125.4 | S77: 122.7 | T77: 125 | U77: =U78 -> 118.1 | V77: 120 | W77: 119.6 | X77: 117.7 | Y77: 110.9 | Z77: 114.8 | AA77: 118.7 | AB77: 110.8 | AC77: 115 | AD77: 120.6
A78: Urban | B78: 2015 | C78: February | D78: 124.3 | E78: 126.5 | F78: 119.5 | G78: 125.6 | H78: 104.9 | I78: 121.6 | J78: 131.8 | K78: 125.1 | L78: 95 | M78: 127.7 | N78: 116.8 | O78: 128.6 | P78: 123.7 | Q78: 128.1 | R78: 121.3 | S78: 116.5 | T78: 120.6 | U78: 118.1 | V78: 114 | W78: 117.7 | X78: 114.1 | Y78: 106.8 | Z78: 114.9 | AA78: 120.4 | AB78: 111.7 | AC78: 113.2 | AD78: 118.7
A79: Rural+Urban | B79: 2015 | C79: February | D79: 123.7 | E79: 125.1 | F79: 121.1 | G79: 125.7 | H79: 109.1 | I79: 125.8 | J79: 129.4 | K79: 120.9 | L79: 98.3 | M79: 121.6 | N79: 118 | O79: 127.6 | P79: 123.1 | Q79: 125.2 | R79: 123.8 | S79: 120.1 | T79: 123.3 | U79: 118.1 | V79: 117.7 | W79: 118.7 | X79: 116.3 | Y79: 108.7 | Z79: 114.9 | AA79: 119.7 | AB79: 111.2 | AC79: 114.1 | AD79: 119.7
A80: Rural | B80: 2015 | C80: March | D80: 123.3 | E80: 124.7 | F80: 118.9 | G80: 126 | H80: 111.8 | I80: 130.9 | J80: 128 | K80: 119.9 | L80: 98.9 | M80: 119.4 | N80: 118.9 | O80: 127.7 | P80: 123.1 | Q80: 124.7 | R80: 126 | S80: 122.9 | T80: 125.5 | U80: =U81 -> 118.6 | V80: 120.6 | W80: 120.2 | X80: 118.2 | Y80: 111.6 | Z80: 115.5 | AA80: 119.4 | AB80: 110.8 | AC80: 115.5 | AD80: 121.1
A81: Urban | B81: 2015 | C81: March | D81: 124 | E81: 126.7 | F81: 113.5 | G81: 125.9 | H81: 104.8 | I81: 123.8 | J81: 131.4 | K81: 127.2 | L81: 93.2 | M81: 127.4 | N81: 117 | O81: 129.2 | P81: 123.9 | Q81: 128.8 | R81: 121.7 | S81: 116.9 | T81: 120.9 | U81: 118.6 | V81: 114.4 | W81: 118 | X81: 114.3 | Y81: 108.4 | Z81: 115.4 | AA81: 120.6 | AB81: 111.3 | AC81: 113.8 | AD81: 119.1
A82: Rural+Urban | B82: 2015 | C82: March | D82: 123.5 | E82: 125.4 | F82: 116.8 | G82: 126 | H82: 109.2 | I82: 127.6 | J82: 129.2 | K82: 122.4 | L82: 97 | M82: 122.1 | N82: 118.1 | O82: 128.4 | P82: 123.4 | Q82: 125.8 | R82: 124.3 | S82: 120.4 | T82: 123.7 | U82: 118.6 | V82: 118.3 | W82: 119.2 | X82: 116.7 | Y82: 109.9 | Z82: 115.4 | AA82: 120.1 | AB82: 111 | AC82: 114.7 | AD82: 120.2
A83: Rural | B83: 2015 | C83: April | D83: 123.3 | E83: 125.5 | F83: 117.2 | G83: 126.8 | H83: 111.9 | I83: 134.2 | J83: 127.5 | K83: 121.5 | L83: 97.8 | M83: 119.8 | N83: 119.4 | O83: 128.7 | P83: 123.6 | Q83: 125.7 | R83: 126.4 | S83: 123.3 | T83: 126 | U83: =U84 -> 119.2 | V83: 121.2 | W83: 120.9 | X83: 118.6 | Y83: 111.9 | Z83: 116.2 | AA83: 119.9 | AB83: 111.6 | AC83: 116 | AD83: 121.5
A84: Urban | B84: 2015 | C84: April | D84: 123.8 | E84: 128.2 | F84: 110 | G84: 126.3 | H84: 104.5 | I84: 130.6 | J84: 130.8 | K84: 131.3 | L84: 91.6 | M84: 127.7 | N84: 117.2 | O84: 129.5 | P84: 124.6 | Q84: 130.1 | R84: 122.1 | S84: 117.2 | T84: 121.3 | U84: 119.2 | V84: 114.7 | W84: 118.4 | X84: 114.6 | Y84: 108.4 | Z84: 115.6 | AA84: 121.7 | AB84: 111.8 | AC84: 114.2 | AD84: 119.7
A85: Rural+Urban | B85: 2015 | C85: April | D85: 123.5 | E85: 126.4 | F85: 114.4 | G85: 126.6 | H85: 109.2 | I85: 132.5 | J85: 128.6 | K85: 124.8 | L85: 95.7 | M85: 122.4 | N85: 118.5 | O85: 129.1 | P85: 124 | Q85: 126.9 | R85: 124.7 | S85: 120.8 | T85: 124.1 | U85: 119.2 | V85: 118.7 | W85: 119.7 | X85: 117.1 | Y85: 110.1 | Z85: 115.9 | AA85: 121 | AB85: 111.7 | AC85: 115.1 | AD85: 120.7
A86: Rural | B86: 2015 | C86: May | D86: 123.5 | E86: 127.1 | F86: 117.3 | G86: 127.7 | H86: 112.5 | I86: 134.1 | J86: 128.5 | K86: 124.3 | L86: 97.6 | M86: 120.7 | N86: 120.2 | O86: 129.8 | P86: 124.4 | Q86: 126.7 | R86: 127.3 | S86: 124.1 | T86: 126.8 | U86: =U87 -> 119.6 | V86: 121.9 | W86: 121.5 | X86: 119.4 | Y86: 113.3 | Z86: 116.7 | AA86: 120.5 | AB86: 112.3 | AC86: 116.9 | AD86: 122.4
A87: Urban | B87: 2015 | C87: May | D87: 123.8 | E87: 129.7 | F87: 111.3 | G87: 126.6 | H87: 105.2 | I87: 130.8 | J87: 135.6 | K87: 142.6 | L87: 90.8 | M87: 128.8 | N87: 117.7 | O87: 129.9 | P87: 126.1 | Q87: 131.3 | R87: 122.4 | S87: 117.4 | T87: 121.6 | U87: 119.6 | V87: 114.9 | W87: 118.7 | X87: 114.9 | Y87: 110.8 | Z87: 116 | AA87: 122 | AB87: 112.4 | AC87: 115.2 | AD87: 120.7
A88: Rural+Urban | B88: 2015 | C88: May | D88: 123.6 | E88: 128 | F88: 115 | G88: 127.3 | H88: 109.8 | I88: 132.6 | J88: 130.9 | K88: 130.5 | L88: 95.3 | M88: 123.4 | N88: 119.2 | O88: 129.8 | P88: 125 | Q88: 127.9 | R88: 125.4 | S88: 121.3 | T88: 124.7 | U88: 119.6 | V88: 119.2 | W88: 120.2 | X88: 117.7 | Y88: 112 | Z88: 116.3 | AA88: 121.4 | AB88: 112.3 | AC88: 116.1 | AD88: 121.6
A89: Rural | B89: 2015 | C89: June | D89: 124.1 | E89: 130.4 | F89: 122.1 | G89: 128.7 | H89: 114.1 | I89: 133.2 | J89: 135.2 | K89: 131.9 | L89: 96.3 | M89: 123 | N89: 121.1 | O89: 131.2 | P89: 126.6 | Q89: 128.2 | R89: 128.4 | S89: 125.1 | T89: 128 | U89: =U90 -> 119 | V89: 122.6 | W89: 122.8 | X89: 120.4 | Y89: 114.2 | Z89: 117.9 | AA89: 122 | AB89: 113 | AC89: 117.9 | AD89: 124.1
A90: Urban | B90: 2015 | C90: June | D90: 123.6 | E90: 134.4 | F90: 120.9 | G90: 127.3 | H90: 106 | I90: 132.3 | J90: 146.7 | K90: 148.1 | L90: 89.8 | M90: 130.5 | N90: 118 | O90: 130.5 | P90: 128.5 | Q90: 132.1 | R90: 123.2 | S90: 117.6 | T90: 122.3 | U90: 119 | V90: 115.1 | W90: 119.2 | X90: 115.4 | Y90: 111.7 | Z90: 116.2 | AA90: 123.8 | AB90: 112.5 | AC90: 116 | AD90: 121.7
A91: Rural+Urban | B91: 2015 | C91: June | D91: 123.9 | E91: 131.8 | F91: 121.6 | G91: 128.2 | H91: 111.1 | I91: 132.8 | J91: 139.1 | K91: 137.4 | L91: 94.1 | M91: 125.5 | N91: 119.8 | O91: 130.9 | P91: 127.3 | Q91: 129.2 | R91: 126.4 | S91: 122 | T91: 125.7 | U91: 119 | V91: 119.8 | W91: 121.1 | X91: 118.5 | Y91: 112.9 | Z91: 116.9 | AA91: 123.1 | AB91: 112.8 | AC91: 117 | AD91: 123
A92: Rural | B92: 2015 | C92: July | D92: 124 | E92: 131.5 | F92: 122 | G92: 128.7 | H92: 113.5 | I92: 133.3 | J92: 140.8 | K92: 133.8 | L92: 94.1 | M92: 123.4 | N92: 121 | O92: 131.7 | P92: 127.5 | Q92: 129.4 | R92: 128.8 | S92: 125.5 | T92: 128.3 | U92: =U93 -> 119.9 | V92: 123 | W92: 123 | X92: 120.8 | Y92: 114.1 | Z92: 118 | AA92: 122.9 | AB92: 112.7 | AC92: 118.1 | AD92: 124.7
A93: Urban | B93: 2015 | C93: July | D93: 123.2 | E93: 134.3 | F93: 119.5 | G93: 127.7 | H93: 106.3 | I93: 132.8 | J93: 153.5 | K93: 149.5 | L93: 85.7 | M93: 131.5 | N93: 118.3 | O93: 131.1 | P93: 129.5 | Q93: 133.1 | R93: 123.5 | S93: 117.9 | T93: 122.7 | U93: 119.9 | V93: 115.3 | W93: 119.5 | X93: 116 | Y93: 111.5 | Z93: 116.6 | AA93: 125.4 | AB93: 111.7 | AC93: 116.3 | AD93: 122.4
A94: Rural+Urban | B94: 2015 | C94: July | D94: 123.7 | E94: 132.5 | F94: 121 | G94: 128.3 | H94: 110.9 | I94: 133.1 | J94: 145.1 | K94: 139.1 | L94: 91.3 | M94: 126.1 | N94: 119.9 | O94: 131.4 | P94: 128.2 | Q94: 130.4 | R94: 126.7 | S94: 122.3 | T94: 126.1 | U94: 119.9 | V94: 120.1 | W94: 121.3 | X94: 119 | Y94: 112.7 | Z94: 117.2 | AA94: 124.4 | AB94: 112.3 | AC94: 117.2 | AD94: 123.6
A95: Rural | B95: 2015 | C95: August | D95: 124.7 | E95: 131.3 | F95: 121.3 | G95: 128.8 | H95: 114 | I95: 134.2 | J95: 153.6 | K95: 137.9 | L95: 93.1 | M95: 123.9 | N95: 121.5 | O95: 132.5 | P95: 129.8 | Q95: 130.1 | R95: 129.5 | S95: 126.3 | T95: 129 | U95: =U96 -> 120.9 | V95: 123.8 | W95: 123.7 | X95: 121.1 | Y95: 113.6 | Z95: 118.5 | AA95: 123.6 | AB95: 112.5 | AC95: 118.2 | AD95: 126.1
A96: Urban | B96: 2015 | C96: August | D96: 123.1 | E96: 131.7 | F96: 118.1 | G96: 128 | H96: 106.8 | I96: 130.1 | J96: 165.5 | K96: 156 | L96: 85.3 | M96: 132.7 | N96: 118.8 | O96: 131.7 | P96: 131.1 | Q96: 134.2 | R96: 123.7 | S96: 118.2 | T96: 122.9 | U96: 120.9 | V96: 115.3 | W96: 120 | X96: 116.6 | Y96: 109.9 | Z96: 117.2 | AA96: 126.2 | AB96: 112 | AC96: 116.2 | AD96: 123.2
A97: Rural+Urban | B97: 2015 | C97: August | D97: 124.2 | E97: 131.4 | F97: 120.1 | G97: 128.5 | H97: 111.4 | I97: 132.3 | J97: 157.6 | K97: 144 | L97: 90.5 | M97: 126.8 | N97: 120.4 | O97: 132.1 | P97: 130.3 | Q97: 131.2 | R97: 127.2 | S97: 122.9 | T97: 126.6 | U97: 120.9 | V97: 120.6 | W97: 122 | X97: 119.4 | Y97: 111.7 | Z97: 117.8 | AA97: 125.1 | AB97: 112.3 | AC97: 117.2 | AD97: 124.8
A98: Rural | B98: 2015 | C98: September | D98: 125.1 | E98: 131.1 | F98: 120.7 | G98: 129.2 | H98: 114.7 | I98: 132.3 | J98: 158.9 | K98: 142.1 | L98: 92.5 | M98: 125.4 | N98: 121.9 | O98: 132.7 | P98: 131 | Q98: 131 | R98: 130.4 | S98: 126.8 | T98: 129.9 | U98: =U99 -> 121.6 | V98: 123.7 | W98: 124.5 | X98: 121.4 | Y98: 113.8 | Z98: 119.6 | AA98: 124.5 | AB98: 113.7 | AC98: 118.8 | AD98: 127
A99: Urban | B99: 2015 | C99: September | D99: 123.4 | E99: 129 | F99: 115.6 | G99: 128.3 | H99: 107 | I99: 124 | J99: 168.5 | K99: 165.4 | L99: 86.3 | M99: 134.4 | N99: 119.1 | O99: 132.3 | P99: 131.5 | Q99: 134.7 | R99: 124 | S99: 118.6 | T99: 123.2 | U99: 121.6 | V99: 115.1 | W99: 120.4 | X99: 117.1 | Y99: 109.1 | Z99: 117.3 | AA99: 126.5 | AB99: 112.9 | AC99: 116.2 | AD99: 123.5
A100: Rural+Urban | B100: 2015 | C100: September | D100: 124.6 | E100: 130.4 | F100: 118.7 | G100: 128.9 | H100: 111.9 | I100: 128.4 | J100: 162.2 | K100: 150 | L100: 90.4 | M100: 128.4 | N100: 120.7 | O100: 132.5 | P100: 131.2 | Q100: 132 | R100: 127.9 | S100: 123.4 | T100: 127.2 | U100: 121.6 | V100: 120.4 | W100: 122.6 | X100: 119.8 | Y100: 111.3 | Z100: 118.3 | AA100: 125.7 | AB100: 113.4 | AC100: 117.5 | AD100: 125.4
...

Sheet PS1
A1: Sector | B1: Year | C1: Month | D1: Cereals and products | E1: Meat and fish | F1: Egg | G1: Milk and products | H1: Oils and fats | I1: Fruits | J1: Vegetables | K1: Pulses and products | L1: Sugar and Confectionery | M1: Spices | N1: Non-alcoholic beverages | O1: Prepared meals, snacks, sweets etc. | P1: Food and beverages | Q1: Pan, tobacco and intoxicants | R1: Clothing | S1: Footwear | T1: Clothing and footwear | U1: Household goods and services | V1: Health | W1: Transport and communication | X1: Recreation and amusement | Y1: Education | Z1: Personal care and effects | AA1: Miscellaneous | AB1: General index | AC1: Food | AD1: Clothing & Footwear | AE1: Housing | AF1: Fuel and light | AG1: Miscellneaous | AH1: Total CPI | AI1: Food % | AJ1: C &F % | AK1: Housing % | AL1: Fuel & Light% | AM1: Miscellneous %
A2: Rural | B2: 2013 | C2: January | D2: 107.5 | E2: 106.3 | F2: 108.1 | G2: 104.9 | H2: 106.1 | I2: 103.9 | J2: 101.9 | K2: 106.1 | L2: 106.8 | M2: 103.1 | N2: 104.8 | O2: 106.7 | P2: 105.5 | Q2: 105.1 | R2: 106.5 | S2: 105.8 | T2: 106.4 | U2: 104.8 | V2: 104 | W2: 103.3 | X2: 103.4 | Y2: 103.8 | Z2: 104.7 | AA2: 104 | AB2: 105.1 | AC2: =AVERAGE(D2:Q2) -> 105.48571 | AD2: =AVERAGE(R2:T2) -> 106.23333 | AE2: 100.3 | AF2: 105.5 | AG2: =AVERAGE(U2:Z2) -> 104 | AH2: =SUM(AC2:AG2) -> 521.51905 | AI2: =AC2/$AH$2*100 -> 20.226627 | AJ2: =AD2/$AH$2*100 -> 20.369981 | AK2: =AE2/$AH$2*100 -> 19.232279 | AL2: =AF2/$AH$2*100 -> 20.229367 | AM2: =AG2/$AH$2*100 -> 19.941745
A3: Urban | B3: 2013 | C3: January | D3: 110.5 | E3: 109.1 | F3: 113 | G3: 103.6 | H3: 103.4 | I3: 102.3 | J3: 102.9 | K3: 105.8 | L3: 105.1 | M3: 101.8 | N3: 105.1 | O3: 107.9 | P3: 105.9 | Q3: 105.2 | R3: 105.9 | S3: 105 | T3: 105.8 | U3: 104.8 | V3: 104.1 | W3: 103.2 | X3: 102.9 | Y3: 103.5 | Z3: 104.3 | AA3: 103.7 | AB3: 104 | AC3: =AVERAGE(D3:Q3) -> 105.82857 | AD3: =AVERAGE(R3:T3) -> 105.56667 | AE3: 100.3 | AF3: 105.4 | AG3: =AVERAGE(U3:Z3) -> 103.8 | AH3: =SUM(AC3:AG3) -> 520.89524 | AI3: =AC3/$AH$2*100 -> 20.292369 | AJ3: =AD3/$AH$2*100 -> 20.24215 | AK3: =AE3/$AH$2*100 -> 19.232279 | AL3: =AF3/$AH$2*100 -> 20.210192 | AM3: =AG3/$AH$2*100 -> 19.903396
A4: Rural+Urban | B4: 2013 | C4: January | D4: 108.4 | E4: 107.3 | F4: 110 | G4: 104.4 | H4: 105.1 | I4: 103.2 | J4: 102.2 | K4: 106 | L4: 106.2 | M4: 102.7 | N4: 104.9 | O4: 107.3 | P4: 105.6 | Q4: 105.1 | R4: 106.3 | S4: 105.5 | T4: 106.2 | U4: 104.8 | V4: 104 | W4: 103.2 | X4: 103.1 | Y4: 103.6 | Z4: 104.5 | AA4: 103.9 | AB4: 104.6 | AC4: =AVERAGE(D4:Q4) -> 105.6 | AD4: =AVERAGE(R4:T4) -> 106 | AE4: 100.3 | AF4: 105.5 | AG4: =AVERAGE(U4:Z4) -> 103.86667 | AH4: =SUM(AC4:AG4) -> 521.26667 | AI4: =AC4/$AH$2*100 -> 20.248541 | AJ4: =AD4/$AH$2*100 -> 20.32524 | AK4: =AE4/$AH$2*100 -> 19.232279 | AL4: =AF4/$AH$2*100 -> 20.229367 | AM4: =AG4/$AH$2*100 -> 19.916179
A5: Rural | B5: 2013 | C5: February | D5: 109.2 | E5: 108.7 | F5: 110.2 | G5: 105.4 | H5: 106.7 | I5: 104 | J5: 102.4 | K5: 105.9 | L5: 105.7 | M5: 103.1 | N5: 105.1 | O5: 107.7 | P5: 106.3 | Q5: 105.6 | R5: 107.1 | S5: 106.3 | T5: 107 | U5: 105.2 | V5: 104.4 | W5: 103.9 | X5: 104 | Y5: 104.1 | Z5: 104.6 | AA5: 104.4 | AB5: 105.8 | AC5: =AVERAGE(D5:Q5) -> 106.14286 | AD5: =AVERAGE(R5:T5) -> 106.8 | AE5: 100.4 | AF5: 106.2 | AG5: =AVERAGE(U5:Z5) -> 104.36667 | AH5: =SUM(AC5:AG5) -> 523.90952 | AI5: =AC5/$AH$2*100 -> 20.352633 | AJ5: =AD5/$AH$2*100 -> 20.478638 | AK5: =AE5/$AH$2*100 -> 19.251454 | AL5: =AF5/$AH$2*100 -> 20.36359 | AM5: =AG5/$AH$2*100 -> 20.012053
A6: Urban | B6: 2013 | C6: February | D6: 112.9 | E6: 112.9 | F6: 116.9 | G6: 104 | H6: 103.5 | I6: 103.1 | J6: 104.9 | K6: 104.1 | L6: 103.8 | M6: 102.3 | N6: 106 | O6: 109 | P6: 107.2 | Q6: 106 | R6: 106.6 | S6: 105.5 | T6: 106.4 | U6: 105.2 | V6: 104.7 | W6: 104.4 | X6: 103.3 | Y6: 103.7 | Z6: 104.3 | AA6: 104.3 | AB6: 104.7 | AC6: =AVERAGE(D6:Q6) -> 106.9 | AD6: =AVERAGE(R6:T6) -> 106.16667 | AE6: 100.4 | AF6: 105.7 | AG6: =AVERAGE(U6:Z6) -> 104.26667 | AH6: =SUM(AC6:AG6) -> 523.43333 | AI6: =AC6/$AH$2*100 -> 20.497813 | AJ6: =AD6/$AH$2*100 -> 20.357198 | AK6: =AE6/$AH$2*100 -> 19.251454 | AL6: =AF6/$AH$2*100 -> 20.267716 | AM6: =AG6/$AH$2*100 -> 19.992878
A7: Rural+Urban | B7: 2013 | C7: February | D7: 110.4 | E7: 110.2 | F7: 112.8 | G7: 104.9 | H7: 105.5 | I7: 103.6 | J7: 103.2 | K7: 105.3 | L7: 105.1 | M7: 102.8 | N7: 105.5 | O7: 108.3 | P7: 106.6 | Q7: 105.7 | R7: 106.9 | S7: 106 | T7: 106.8 | U7: 105.2 | V7: 104.5 | W7: 104.2 | X7: 103.6 | Y7: 103.9 | Z7: 104.5 | AA7: 104.4 | AB7: 105.3 | AC7: =AVERAGE(D7:Q7) -> 106.42143 | AD7: =AVERAGE(R7:T7) -> 106.56667 | AE7: 100.4 | AF7: 106 | AG7: =AVERAGE(U7:Z7) -> 104.31667 | AH7: =SUM(AC7:AG7) -> 523.70476 | AI7: =AC7/$AH$2*100 -> 20.406048 | AJ7: =AD7/$AH$2*100 -> 20.433897 | AK7: =AE7/$AH$2*100 -> 19.251454 | AL7: =AF7/$AH$2*100 -> 20.32524 | AM7: =AG7/$AH$2*100 -> 20.002465
A8: Rural | B8: 2013 | C8: March | D8: 110.2 | E8: 108.8 | F8: 109.9 | G8: 105.6 | H8: 106.2 | I8: 105.7 | J8: 101.4 | K8: 105.7 | L8: 105 | M8: 103.3 | N8: 105.6 | O8: 108.2 | P8: 106.6 | Q8: 106.5 | R8: 107.6 | S8: 106.8 | T8: 107.5 | U8: 105.6 | V8: 104.7 | W8: 104.6 | X8: 104 | Y8: 104.3 | Z8: 104.3 | AA8: 104.6 | AB8: 106 | AC8: =AVERAGE(D8:Q8) -> 106.33571 | AD8: =AVERAGE(R8:T8) -> 107.3 | AE8: 100.4 | AF8: 106.1 | AG8: =AVERAGE(U8:Z8) -> 104.58333 | AH8: =SUM(AC8:AG8) -> 524.71905 | AI8: =AC8/$AH$2*100 -> 20.389613 | AJ8: =AD8/$AH$2*100 -> 20.574512 | AK8: =AE8/$AH$2*100 -> 19.251454 | AL8: =AF8/$AH$2*100 -> 20.344415 | AM8: =AG8/$AH$2*100 -> 20.053598
A9: Urban | B9: 2013 | C9: March | D9: 113.9 | E9: 111.4 | F9: 113.2 | G9: 104.3 | H9: 102.7 | I9: 104.9 | J9: 103.8 | K9: 103.5 | L9: 102.6 | M9: 102.4 | N9: 107 | O9: 109.8 | P9: 107.3 | Q9: 106.8 | R9: 107.2 | S9: 106 | T9: 107 | U9: 105.7 | V9: 105.2 | W9: 105.5 | X9: 103.5 | Y9: 103.8 | Z9: 104.2 | AA9: 104.9 | AB9: 105 | AC9: =AVERAGE(D9:Q9) -> 106.68571 | AD9: =AVERAGE(R9:T9) -> 106.73333 | AE9: 100.4 | AF9: 106 | AG9: =AVERAGE(U9:Z9) -> 104.65 | AH9: =SUM(AC9:AG9) -> 524.46905 | AI9: =AC9/$AH$2*100 -> 20.456724 | AJ9: =AD9/$AH$2*100 -> 20.465855 | AK9: =AE9/$AH$2*100 -> 19.251454 | AL9: =AF9/$AH$2*100 -> 20.32524 | AM9: =AG9/$AH$2*100 -> 20.066381
A10: Rural+Urban | B10: 2013 | C10: March | D10: 111.4 | E10: 109.7 | F10: 111.2 | G10: 105.1 | H10: 104.9 | I10: 105.3 | J10: 102.2 | K10: 105 | L10: 104.2 | M10: 103 | N10: 106.2 | O10: 108.9 | P10: 106.9 | Q10: 106.6 | R10: 107.4 | S10: 106.5 | T10: 107.3 | U10: 105.6 | V10: 104.9 | W10: 105.1 | X10: 103.7 | Y10: 104 | Z10: 104.3 | AA10: 104.7 | AB10: 105.5 | AC10: =AVERAGE(D10:Q10) -> 106.47143 | AD10: =AVERAGE(R10:T10) -> 107.06667 | AE10: 100.4 | AF10: 106.1 | AG10: =AVERAGE(U10:Z10) -> 104.6 | AH10: =SUM(AC10:AG10) -> 524.6381 | AI10: =AC10/$AH$2*100 -> 20.415636 | AJ10: =AD10/$AH$2*100 -> 20.529771 | AK10: =AE10/$AH$2*100 -> 19.251454 | AL10: =AF10/$AH$2*100 -> 20.344415 | AM10: =AG10/$AH$2*100 -> 20.056794
A11: Rural | B11: 2013 | C11: April | D11: 110.2 | E11: 109.5 | F11: 106.9 | G11: 106.3 | H11: 105.7 | I11: 108.3 | J11: 103.4 | K11: 105.7 | L11: 104.2 | M11: 103.2 | N11: 106.5 | O11: 108.8 | P11: 107.1 | Q11: 107.1 | R11: 108.1 | S11: 107.4 | T11: 108 | U11: 106.1 | V11: 105.1 | W11: 104.4 | X11: 104.5 | Y11: 104.8 | Z11: 102.7 | AA11: 104.6 | AB11: 106.4 | AC11: =AVERAGE(D11:Q11) -> 106.63571 | AD11: =AVERAGE(R11:T11) -> 107.83333 | AE11: 100.5 | AF11: 106.5 | AG11: =AVERAGE(U11:Z11) -> 104.6 | AH11: =SUM(AC11:AG11) -> 526.06905 | AI11: =AC11/$AH$2*100 -> 20.447137 | AJ11: =AD11/$AH$2*100 -> 20.676778 | AK11: =AE11/$AH$2*100 -> 19.270629 | AL11: =AF11/$AH$2*100 -> 20.421114 | AM11: =AG11/$AH$2*100 -> 20.056794
A12: Urban | B12: 2013 | C12: April | D12: 114.6 | E12: 113.4 | F12: 106 | G12: 104.7 | H12: 102.1 | I12: 109.5 | J12: 109.7 | K12: 104.6 | L12: 102 | M12: 103.5 | N12: 108.2 | O12: 110.6 | P12: 108.8 | Q12: 108.5 | R12: 107.9 | S12: 106.4 | T12: 107.7 | U12: 106.5 | V12: 105.7 | W12: 105 | X12: 104 | Y12: 105.2 | Z12: 103.2 | AA12: 105.1 | AB12: 105.7 | AC12: =AVERAGE(D12:Q12) -> 107.58571 | AD12: =AVERAGE(R12:T12) -> 107.33333 | AE12: 100.5 | AF12: 106.4 | AG12: =AVERAGE(U12:Z12) -> 104.93333 | AH12: =SUM(AC12:AG12) -> 526.75238 | AI12: =AC12/$AH$2*100 -> 20.629297 | AJ12: =AD12/$AH$2*100 -> 20.580904 | AK12: =AE12/$AH$2*100 -> 19.270629 | AL12: =AF12/$AH$2*100 -> 20.401939 | AM12: =AG12/$AH$2*100 -> 20.12071
A13: Rural+Urban | B13: 2013 | C13: April | D13: 111.6 | E13: 110.9 | F13: 106.6 | G13: 105.7 | H13: 104.4 | I13: 108.9 | J13: 105.5 | K13: 105.3 | L13: 103.5 | M13: 103.3 | N13: 107.2 | O13: 109.6 | P13: 107.7 | Q13: 107.5 | R13: 108 | S13: 107 | T13: 107.9 | U13: 106.3 | V13: 105.3 | W13: 104.7 | X13: 104.2 | Y13: 105 | Z13: 102.9 | AA13: 104.8 | AB13: 106.1 | AC13: =AVERAGE(D13:Q13) -> 106.97857 | AD13: =AVERAGE(R13:T13) -> 107.63333 | AE13: 100.5 | AF13: 106.5 | AG13: =AVERAGE(U13:Z13) -> 104.73333 | AH13: =SUM(AC13:AG13) -> 526.34524 | AI13: =AC13/$AH$2*100 -> 20.512879 | AJ13: =AD13/$AH$2*100 -> 20.638428 | AK13: =AE13/$AH$2*100 -> 19.270629 | AL13: =AF13/$AH$2*100 -> 20.421114 | AM13: =AG13/$AH$2*100 -> 20.08236
... A373: Rural+Urban | B373: 2023 | C373: May | D373: 173.7 | E373: 214.3 | F373: 173.2 | G373: 179.5 | H373: 170 | I373: 172.2 | J373: 161 | K373: 175.6 | L373: 122.7 | M373: 218 | N373: 173.4 | O373: 194.2 | P373: 179.1 | Q373: 201 | R373: 187.3 | S373: 179.7 | T373: 186.2 | U373: 175.2 | V373: 185.7 | W373: 164.8 | X373: 171.2 | Y373: 177.1 | Z373: 185.2 | AA373: 175.7 | AB373: 179.1 | AC373: =AVERAGE(D373:Q373) -> 179.13571 | AD373: =AVERAGE(R373:T373) -> 184.4 | AE373: 175.6 | AF373: 182.8 | AG373: =AVERAGE(U373:Z373) -> 176.53333 | AH373: =SUM(AC373:AG373) -> 898.46905 | AI373: =AC373/$AH$2*100 -> 34.348834 | AJ373: =AD373/$AH$2*100 -> 35.358248 | AK373: =AE373/$AH$2*100 -> 33.67087 | AL373: =AF373/$AH$2*100 -> 35.051452 | AM373: =AG373/$AH$2*100 -> 33.849834
AC376: =SUM(AC2:AC373) -> 52674.825 | AD376: =SUM(AD2:AD373) -> 52165.333 | AE376: =SUM(AE2:AE373) -> 51850.1 | AF376: =SUM(AF2:AF373) -> 50803.3 | AG376: =SUM(AG2:AG373) -> 50331.653 | AH376: =SUM(AH2:AH373) -> 257825.21 | AI376: =AC376/$AH$376*100 -> 20.43044 | AJ376: =AD376/$AH$376*100 -> 20.232829 | AK376: =AE376/$AH$376*100 -> 20.110562 | AL376: =AF376/$AH$376*100 -> 19.704551 | AM376: =AG376/$AH$376*100 -> 19.521618 | AN376: =SUM(AI376:AM376) -> 100
AE378: Avg % distribution for may-2023 | AH378: 45047 | AI378: =AVERAGE(AI371:AI373) -> 34.413207 | AJ378: =AVERAGE(AJ371:AJ373) -> 35.192067 | AK378: =AVERAGE(AK371:AK373) -> 33.67087 | AL378: =AVERAGE(AL371:AL373) -> 35.070627 | AM378: =AVERAGE(AM371:AM373) -> 33.851965

Sheet PS2
A1: Sector | B1: Year | C1: Month | D1: Cereals and products | E1: Meat and fish | F1: Egg | G1: Milk and products | H1: Oils and fats | I1: Fruits | J1: Vegetables | K1: Pulses and products | L1: Sugar and Confectionery | M1: Spices | N1: Non-alcoholic beverages | O1: Prepared meals, snacks, sweets etc. | P1: Food and beverages | Q1: Pan, tobacco and intoxicants | R1: Clothing | S1: Footwear | T1: Clothing and footwear | U1: Housing | V1: Fuel and light | W1: Household goods and services | X1: Health | Y1: Transport and communication | Z1: Recreation and amusement | AA1: Education | AB1: Personal care and effects | AC1: Miscellaneous | AD1: General index | AF1: Year | AG1: cpi inflation combined | AI1: It is clearly visible that the year 2019 exhibited the highest inflation rate overall
A2: Rural+Urban | B2: 2017 | C2: January | D2: 132.8 | E2: 138.2 | F2: 132.2 | G2: 135.4 | H2: 119.1 | I2: 133 | J2: 119.4 | K2: 159.5 | L2: 115.6 | M2: 139.6 | N2: 126.6 | O2: 142.8 | P2: 133.1 | Q2: 143.8 | R2: 136.6 | S2: 130.2 | T2: 135.6 | U2: 129.6 | V2: 126.8 | W2: 129.4 | X2: 127.1 | Y2: 117 | Z2: 124.2 | AA2: 133.3 | AB2: 121.7 | AC2: 124.4 | AD2: 130.3 | AF2: 2017 | AG2: =((SUM(D3:AD3)-SUM(D2:AD2))/SUM(D2:AD2))*100 -> 4.350776
A3: Rural+Urban | B3: 2017 | C3: December | D3: 135.8 | E3: 143.3 | F3: 145.2 | G3: 141 | H3: 120.5 | I3: 141.5 | J3: 161.7 | K3: 129.1 | L3: 121.5 | M3: 137.1 | N3: 128.8 | O3: 149 | P3: 140.5 | Q3: 154.2 | R3: 143.1 | S3: 135.1 | T3: 142 | U3: 139.1 | V3: 136.6 | W3: 134.7 | X3: 133.1 | Y3: 118.5 | Z3: 129 | AA3: 138.5 | AB3: 126.5 | AC3: 128.6 | AD3: 137.2 | AF3: 2018 | AG3: =((SUM(D5:AD5)-SUM(D4:AD4))/SUM(D4:AD4))*100 -> 2.0258527
A4: Rural+Urban | B4: 2018 | C4: January | D4: 136 | E4: 144.2 | F4: 143.7 | G4: 141.1 | H4: 120.7 | I4: 141.3 | J4: 151.6 | K4: 127.3 | L4: 118.8 | M4: 137.5 | N4: 129 | O4: 149.5 | P4: 139.2 | Q4: 154.7 | R4: 143.5 | S4: 135.5 | T4: 142.3 | U4: 140.4 | V4: 136.6 | W4: 134.9 | X4: 133.3 | Y4: 119.3 | Z4: 129.7 | AA4: 139 | AB4: 127.3 | AC4: 129.1 | AD4: 136.9 | AF4: 2019 | AG4: =((SUM(D7:AD7)-SUM(D6:AD6))/SUM(D6:AD6))*100 -> 7.0493992
A5: Rural+Urban | B5: 2018 | C5: December | D5: 137.5 | E5: 150.5 | F5: 138.8 | G5: 142.1 | H5: 122 | I5: 139.4 | J5: 135.2 | K5: 119.8 | L5: 110.3 | M5: 140.6 | N5: 133.8 | O5: 154.6 | P5: 138.2 | Q5: 163 | R5: 148.1 | S5: 139.4 | T5: 146.8 | U5: 146.5 | V5: 142.7 | W5: 143.2 | X5: 144.9 | Y5: 123.6 | Z5: 136.8 | AA5: 150.1 | AB5: 132.2 | AC5: 136.8 | AD5: 140.1 | AF5: 2020 | AG5: =((SUM(D9:AD9)-SUM(D8:AD8))/SUM(D8:AD8))*100 -> 6.5521882
A6: Rural+Urban | B6: 2019 | C6: January | D6: 137.1 | E6: 151.4 | F6: 140.2 | G6: 142.1 | H6: 121.8 | I6: 135.4 | J6: 131.3 | K6: 120.3 | L6: 109.1 | M6: 139.4 | N6: 133.3 | O6: 154.6 | P6: 137.4 | Q6: 163.2 | R6: 147.6 | S6: 139 | T6: 146.4 | U6: 147.7 | V6: 139.5 | W6: 143.6 | X6: 145.1 | Y6: 123.3 | Z6: 136.7 | AA6: 150.2 | AB6: 132.8 | AC6: 136.9 | AD6: 139.6 | AF6: 2021 | AG6: =((SUM(D11:AD11)-SUM(D10:AD10))/SUM(D10:AD10))*100 -> 5.808865
A7: Rural+Urban | B7: 2019 | C7: December | D7: 143.5 | E7: 165 | F7: 151.1 | G7: 148.3 | H7: 125.7 | I7: 145.7 | J7: 217 | K7: 138.3 | L7: 114 | M7: 148.7 | N7: 135.8 | O7: 158 | P7: 155 | Q7: 168.5 | R7: 150.3 | S7: 141.3 | T7: 149 | U7: 152.8 | V7: 143.7 | W7: 145.8 | X7: 150.4 | Y7: 129.8 | Z7: 142.3 | AA7: 155.7 | AB7: 140.4 | AC7: 142.5 | AD7: 150.4 | AF7: 2022 | AG7: =((SUM(D13:AD13)-SUM(D12:AD12))/SUM(D12:AD12))*100 -> 6.0126935
A8: Rural+Urban | B8: 2020 | C8: January | D8: 144.3 | E8: 167.4 | F8: 154.9 | G8: 150.1 | H8: 129.9 | I8: 143.2 | J8: 197 | K8: 140.4 | L8: 114.1 | M8: 150.9 | N8: 136.1 | O8: 158.6 | P8: 153.5 | Q8: 169.2 | R8: 150.5 | S8: 141.5 | T8: 149.2 | U8: 153.9 | V8: 144.6 | W8: 146.2 | X8: 151.2 | Y8: 130.9 | Z8: 142.8 | AA8: 156.1 | AB8: 142.3 | AC8: 143.4 | AD8: 150.2
A9: Rural+Urban | B9: 2020 | C9: December | D9: 146 | E9: 191 | F9: 175.3 | G9: 154.1 | H9: 146.6 | I9: 147.7 | J9: 230.5 | K9: 160.2 | L9: 115.3 | M9: 163 | N9: 149.2 | O9: 164.8 | P9: 165.4 | Q9: 185.4 | R9: 155 | S9: 145.4 | T9: 153.6 | U9: 158.4 | V9: 144.6 | W9: 149.7 | X9: 158.3 | Y9: 140.7 | Z9: 148.5 | AA9: 159.4 | AB9: 157.1 | AC9: 151.2 | AD9: 158.9
A10: Rural+Urban | B10: 2021 | C10: January | D10: 144.9 | E10: 190.1 | F10: 175.3 | G10: 154.1 | H10: 150.9 | I10: 149.6 | J10: 194.2 | K10: 160.4 | L10: 114.6 | M10: 164 | N10: 151.8 | O10: 165.6 | P10: 161 | Q10: 186.5 | R10: 155.5 | S10: 146.1 | T10: 154.2 | U10: 157.7 | V10: 147.9 | W10: 150 | X10: 159.3 | Y10: 141.9 | Z10: 149.6 | AA10: 159.2 | AB10: 156.8 | AC10: 151.9 | AD10: 157.3
A11: Rural+Urban | B11: 2021 | C11: December | D11: 148.7 | E11: 198.8 | F11: 177.9 | G11: 159.9 | H11: 187.6 | I11: 154.9 | J11: 188.3 | K11: 164.4 | L11: 121 | M11: 170.5 | N11: 164.2 | O11: 176.5 | P11: 168.2 | Q11: 192.4 | R11: 168.5 | S11: 158.7 | T11: 167 | U11: 163.4 | V11: 164.1 | W11: 160.2 | X11: 170.6 | Y11: 155.7 | Z11: 160.6 | AA11: 164.4 | AB11: 162.6 | AC11: 162 | AD11: 166.2
A12: Rural+Urban | B12: 2022 | C12: January | D12: 149.5 | E12: 198.7 | F12: 178.8 | G12: 160.5 | H12: 184.7 | I12: 153.7 | J12: 174.3 | K12: 163.9 | L12: 120 | M12: 172.1 | N12: 164.3 | O12: 177.3 | P12: 166.4 | Q12: 192.2 | R12: 169.9 | S12: 160.7 | T12: 168.5 | U12: 164.5 | V12: 164.2 | W12: 161.1 | X12: 171.4 | Y12: 156.5 | Z12: 161.2 | AA12: 164.7 | AB12: 163 | AC12: 162.7 | AD12: 165.7
A13: Rural+Urban | B13: 2022 | C13: December | D13: 169.2 | E13: 209 | F13: 190.2 | G13: 173.6 | H13: 188.5 | I13: 158 | J13: 159.9 | K13: 170.8 | L13: 121.8 | M13: 205.2 | N13: 171 | O13: 190.3 | P13: 175.9 | Q13: 197.3 | R13: 184 | S13: 177 | T13: 183 | U13: 170.7 | V13: 182 | W13: 172.1 | X13: 181.1 | Y13: 163.4 | Z13: 168.9 | AA13: 174.1 | AB13: 175.8 | AC13: 172 | AD13: 175.7
A14: Rural+Urban | B14: 2023 | C14: January | D14: 173.8 | E14: 210.7 | F14: 194.5 | G14: 174.6 | H14: 187.2 | I14: 158.3 | J14: 153.9 | K14: 170.9 | L14: 121.1 | M14: 208.4 | N14: 171.4 | O14: 191.2 | P14: 176.7 | Q14: 198.2 | R14: 184.9 | S14: 177.6 | T14: 183.8 | U14: 172.1 | V14: 182 | W14: 172.9 | X14: 182.3 | Y14: 163.6 | Z14: 169.5 | AA14: 174.3 | AB14: 178.6 | AC14: 172.8 | AD14: 176.5

Sheet PS3
A3: Row Labels | B3: Average of Food
A4: 2022 | B4: 174.44226
A5: January | B5: 168.64762
A6: February | B6: 168.47381
A7: March | B7: 170.07381
A8: April | B8: 172.26429
A9: May | B9: 174.10476
A10: June | B10: 175.79048
A11: July | B11: 176.11429
A12: August | B12: 176.33571
A13: September | B13: 177.26667
A14: October | B14: 178.4619
A15: November | B15: 178.37857
A16: December | B16: 177.39524
A17: 2023 | B17: 178.11048
A18: January | B18: 178.1619 | D18: Based on the analysis and visualization of food inflation trends, it is evident that the Meat and Fish subcategory has made the most significant contribution to the overall inflation within the Food category during the observed period. This highlights the substantial impact of meat and fish prices on food inflation trends, underscoring its importance as a key driver in the food basket. This finding can be valuable for further research or policy measures aimed at mitigating food price inflation | I18: Also I have removed some sub-categories which were not really showing any impact on the graph for clean and clear visualization.
A19: February | B19: 177.34524
A20: March | B20: 177.35714
A21: April | B21: 178.21667
A22: May | B22: 179.47143
A23: Grand Total | B23: 175.52115
A25: Year | B25: (Multiple Items)
A27: Row Labels | B27: Average of Vegetables | C27: Average of Prepared meals, snacks, sweets etc. | D27: Average of Spices | E27: Average of Sugar and Confectionery | F27: Average of Pan, tobacco and intoxicants | G27: Average of Egg | H27: Average of Food and beverages | I27: Average of Meat and fish
A28: January | B28: 168.2 | C28: 184.35 | D28: 189.73333 | E28: 120.78333 | F28: 196 | G28: 186.88333 | H28: 172 | I28: 205.31667
A29: February | B29: 165.38333 | C29: 185.63333 | D29: 191.41667 | E29: 119.76667 | F29: 196.88333 | G29: 175.66667 | H29: 172.13333 | I29: 204.83333
A30: March | B30: 163.45 | C30: 186.28333 | D30: 192.9 | E30: 119.7 | F30: 197.35 | G30: 171.61667 | H30: 173.18333 | I30: 209.93333
A31: April | B31: 164.76667 | C31: 187.35 | D31: 196.4 | E31: 120.41667 | F31: 197.9 | G31: 167.25 | H31: 174.9 | I31: 211.2
A32: May | B32: 172.2 | C32: 188.46667 | D32: 200.63333 | E32: 121.43333 | F32: 198.26667 | G32: 168.13333 | H32: 176.76667 | I32: 216.35
A33: June | B33: 187.03333 | C33: 184.03333 | D33: 186.5 | E33: 120.13333 | F33: 195.16667 | G33: 171.06667 | H33: 175.53333 | I33: 220
A34: July | B34: 186.4 | C34: 185.33333 | D34: 189.36667 | E34: 120.23333 | F34: 195.46667 | G34: 175.36667 | H34: 175.63333 | I34: 213.63333
A35: August | B35: 190.96667 | C35: 186.4 | D35: 192.96667 | E35: 121.1 | F35: 195.8 | G35: 169.36667 | H35: 176.86667 | I35: 207.16667
A36: September | B36: 196.5 | C36: 187.53333 | D36: 196.66667 | E36: 121.83333 | F36: 196.7 | G36: 169.86667 | H36: 178.36667 | I36: 209.86667
A37: October | B37: 204.36667 | C37: 188.46667 | D37: 199.3 | E37: 122.13333 | F37: 197.1 | G37: 171.03333 | H37: 180.1 | I37: 211.53333
A38: November | B38: 186.73333 | C38: 189.6 | D38: 202.13333 | E38: 122.33333 | F38: 197.66667 | G38: 181.6 | H38: 178.73333 | I38: 210
A39: December | B39: 162.93333 | C39: 190.43333 | D39: 204.4 | E39: 122.03333 | F39: 198.1 | G39: 190.4 | H39: 176.3 | I39: 209.6
A40: Grand Total | B40: 175.46667 | C40: 186.82157 | D40: 194.91176 | E40: 120.82353 | F40: 196.98824 | G40: 174.57647 | H40: 175.26471 | I40: 210.41569

Sheet PS4
A1: Row Labels | B1: Avg of Health | D1: Inflation % | F1: Row Labels | G1: Avg of Personal care and effects | I1: Inflation % | K1: Row Labels | L1: Avg of Food | N1: Inflation % | P1: Row Labels | Q1: Avg of Education | S1: Inflation % | U1: These three(Health, Personal Care and effects and Food) categories are the most affected categories among the others where food is combined category for all food related items.
A2: 2019 | B2: 146.92424 | C2: 146.92424 | D2: =((C2-$C$17)/$C$17)*100 -> -2.9134962 | F2: 2019 | G2: 136.51818 | H2: 136.51818 | I2: =((H2-$H$17)/$H$17)*100 -> -5.9792136 | K2: 2019 | L2: 142.92965 | M2: 142.92965 | N2: =((M2-$M$17)/$M$17)*100 -> -3.2313137 | P2: 2019 | Q2: 153.74242 | R2: 153.74242 | S2: =((R2-$R$17)/$R$17)*100 -> -1.824761
A3: January | B3: 144.16667 | C3: 144.16667 | D3: =((C3-$C$17)/$C$17)*100 -> -4.7356828 | F3: January | G3: 132.66667 | H3: 132.66667 | I3: =((H3-$H$17)/$H$17)*100 -> -8.6317723 | K3: January | L3: 136.85476 | M3: 136.85476 | N3: =((M3-$M$17)/$M$17)*100 -> -7.3442412 | P3: January | Q3: 150.66667 | R3: 150.66667 | S3: =((R3-$R$17)/$R$17)*100 -> -3.7888463
A4: February | B4: 144.66667 | C4: 144.66667 | D4: =((C4-$C$17)/$C$17)*100 -> -4.4052863 | F4: February | G4: 134 | H4: 134 | I4: =((H4-$H$17)/$H$17)*100 -> -7.7134986 | K4: February | L4: 137.2 | M4: 137.2 | N4: =((M4-$M$17)/$M$17)*100 -> -7.1105021 | P4: February | Q4: 150.8 | R4: 150.8 | S4: =((R4-$R$17)/$R$17)*100 -> -3.7037037
A5: March | B5: 145.26667 | C5: 145.26667 | D5: =((C5-$C$17)/$C$17)*100 -> -4.0088106 | F5: March | G5: 133.3 | H5: 133.3 | I5: =((H5-$H$17)/$H$17)*100 -> -8.1955923 | K5: March | L5: 137.71905 | M5: 137.71905 | N5: =((M5-$M$17)/$M$17)*100 -> -6.7590876 | P5: March | Q5: 150.83333 | R5: 150.83333 | S5: =((R5-$R$17)/$R$17)*100 -> -3.6824181
A6: May | B6: 146 | C6: 146 | D6: =((C6-$C$17)/$C$17)*100 -> -3.5242291 | F6: May | G6: 133.3 | H6: 133.3 | I6: =((H6-$H$17)/$H$17)*100 -> -8.1955923 | K6: May | L6: 139.97857 | M6: 139.97857 | N6: =((M6-$M$17)/$M$17)*100 -> -5.229306 | P6: May | Q6: 152.1 | R6: 152.1 | S6: =((R6-$R$17)/$R$17)*100 -> -2.8735632
A7: June | B7: 146.46667 | C7: 146.46667 | D7: =((C7-$C$17)/$C$17)*100 -> -3.215859 | F7: June | G7: 134.26667 | H7: 134.26667 | I7: =((H7-$H$17)/$H$17)*100 -> -7.5298439 | K7: June | L7: 141.60476 | M7: 141.60476 | N7: =((M7-$M$17)/$M$17)*100 -> -4.1283147 | P7: June | Q7: 153.03333 | R7: 153.03333 | S7: =((R7-$R$17)/$R$17)*100 -> -2.2775649
A8: July | B8: 146.96667 | C8: 146.96667 | D8: =((C8-$C$17)/$C$17)*100 -> -2.8854626 | F8: July | G8: 135.63333 | H8: 135.63333 | I8: =((H8-$H$17)/$H$17)*100 -> -6.5886134 | K8: July | L8: 143.30238 | M8: 143.30238 | N8: =((M8-$M$17)/$M$17)*100 -> -2.9789635 | P8: July | Q8: 154.5 | R8: 154.5 | S8: =((R8-$R$17)/$R$17)*100 -> -1.3409962
A9: August | B9: 147.56667 | C9: 147.56667 | D9: =((C9-$C$17)/$C$17)*100 -> -2.4889868 | F9: August | G9: 138.33333 | H9: 138.33333 | I9: =((H9-$H$17)/$H$17)*100 -> -4.7291093 | K9: August | L9: 144.02143 | M9: 144.02143 | N9: =((M9-$M$17)/$M$17)*100 -> -2.4921415 | P9: August | Q9: 155.36667 | R9: 155.36667 | S9: =((R9-$R$17)/$R$17)*100 -> -0.78756918
A10: September | B10: 148.1 | C10: 148.1 | D10: =((C10-$C$17)/$C$17)*100 -> -2.1365639 | F10: September | G10: 139.63333 | H10: 139.63333 | I10: =((H10-$H$17)/$H$17)*100 -> -3.8337925 | K10: September | L10: 144.8119 | M10: 144.8119 | N10: =((M10-$M$17)/$M$17)*100 -> -1.9569598 | P10: September | Q10: 155.66667 | R10: 155.66667 | S10: =((R10-$R$17)/$R$17)*100 -> -0.5959983
A11: October | B11: 148.5 | C11: 148.5 | D11: =((C11-$C$17)/$C$17)*100 -> -1.8722467 | F11: October | G11: 139.93333 | H11: 139.93333 | I11: =((H11-$H$17)/$H$17)*100 -> -3.6271809 | K11: October | L11: 146.85238 | M11: 146.85238 | N11: =((M11-$M$17)/$M$17)*100 -> -0.57548158 | P11: October | Q11: 155.93333 | R11: 155.93333 | S11: =((R11-$R$17)/$R$17)*100 -> -0.42571307
A12: November | B12: 149 | C12: 149 | D12: =((C12-$C$17)/$C$17)*100 -> -1.5418502 | F12: November | G12: 140.23333 | H12: 140.23333 | I12: =((H12-$H$17)/$H$17)*100 -> -3.4205693 | K12: November | L12: 148.67857 | M12: 148.67857 | N12: =((M12-$M$17)/$M$17)*100 -> 0.66091722 | P12: November | Q12: 156.03333 | R12: 156.03333 | S12: =((R12-$R$17)/$R$17)*100 -> -0.36185611
A13: December | B13: 149.46667 | C13: 149.46667 | D13: =((C13-$C$17)/$C$17)*100 -> -1.2334802 | F13: December | G13: 140.4 | H13: 140.4 | I13: =((H13-$H$17)/$H$17)*100 -> -3.3057851 | K13: December | L13: 151.20238 | M13: 151.20238 | N13: =((M13-$M$17)/$M$17)*100 -> 2.36963 | P13: December | Q13: 156.23333 | R13: 156.23333 | S13: =((R13-$R$17)/$R$17)*100 -> -0.23414219
A14: 2020 | B14: 153.36852 | C14: 153.36852 | D14: =((C14-$C$17)/$C$17)*100 -> 1.344836 | F14: 2020 | G14: 151.19676 | H14: 151.19676 | I14: =((H14-$H$17)/$H$17)*100 -> 4.1299995 | K14: 2020 | L14: 155.02371 | M14: 155.02371 | N14: =((M14-$M$17)/$M$17)*100 -> 4.956812 | P14: 2020 | Q14: 157.68333 | R14: 157.68333 | S14: =((R14-$R$17)/$R$17)*100 -> 0.69178374
A15: January | B15: 150.23333 | C15: 150.23333 | D15: =((C15-$C$17)/$C$17)*100 -> -0.72687225 | F15: January | G15: 142.3 | H15: 142.3 | I15: =((H15-$H$17)/$H$17)*100 -> -1.9972452 | K15: January | L15: 150.78571 | M15: 150.78571 | N15: =((M15-$M$17)/$M$17)*100 -> 2.0875312 | P15: January | Q15: 156.63333 | R15: 156.63333 | S15: =((R15-$R$17)/$R$17)*100 -> 0.021285653
A16: February | B16: 150.76667 | C16: 150.76667 | D16: =((C16-$C$17)/$C$17)*100 -> -0.37444934 | F16: February | G16: 143.43333 | H16: 143.43333 | I16: =((H16-$H$17)/$H$17)*100 -> -1.2167126 | K16: February | L16: 148.79762 | M16: 148.79762 | N16: =((M16-$M$17)/$M$17)*100 -> 0.74151689 | P16: February | Q16: 156.76667 | R16: 156.76667 | S16: =((R16-$R$17)/$R$17)*100 -> 0.10642827
A17: March | B17: 151.33333 | C17: 151.33333 | D17: =((C17-$C$17)/$C$17)*100 -> 0 | F17: March | G17: 145.2 | H17: 145.2 | I17: =((H17-$H$17)/$H$17)*100 -> 0 | K17: March | L17: 147.70238 | M17: 147.70238 | N17: =((M17-$M$17)/$M$17)*100 -> 0 | P17: March | Q17: 156.6 | R17: 156.6 | S17: =((R17-$R$17)/$R$17)*100 -> 0
A18: April | B18: 149.93333 | C18: 149.93333 | D18: =((C18-$C$17)/$C$17)*100 -> -0.92511013 | F18: April | G18: 147.00476 | H18: 147.00476 | I18: =((H18-$H$17)/$H$17)*100 -> 1.242949 | K18: April | L18: 152.78061 | M18: 152.78061 | N18: =((M18-$M$17)/$M$17)*100 -> 3.4381513 | P18: April | Q18: 156.99048 | R18: 156.99048 | S18: =((R18-$R$17)/$R$17)*100 -> 0.24934623
A19: May | B19: 152.22222 | C19: 152.22222 | D19: =((C19-$C$17)/$C$17)*100 -> 0.58737151 | F19: May | G19: 148.88968 | H19: 148.88968 | I19: =((H19-$H$17)/$H$17)*100 -> 2.5411037 | K19: May | L19: 152.18248 | M19: 152.18248 | N19: =((M19-$M$17)/$M$17)*100 -> 3.0331955 | P19: May | Q19: 157.17619 | R19: 157.17619 | S19: =((R19-$R$17)/$R$17)*100 -> 0.36793772
A20: June | B20: 153.56667 | C20: 153.56667 | D20: =((C20-$C$17)/$C$17)*100 -> 1.4757709 | F20: June | G20: 151.66667 | H20: 151.66667 | I20: =((H20-$H$17)/$H$17)*100 -> 4.4536272 | K20: June | L20: 153.9381 | M20: 153.9381 | N20: =((M20-$M$17)/$M$17)*100 -> 4.2218103 | P20: June | Q20: 156.9 | R20: 156.9 | S20: =((R20-$R$17)/$R$17)*100 -> 0.19157088
A21: July | B21: 153.56667 | C21: 153.56667 | D21: =((C21-$C$17)/$C$17)*100 -> 1.4757709 | F21: July | G21: 151.66667 | H21: 151.66667 | I21: =((H21-$H$17)/$H$17)*100 -> 4.4536272 | K21: July | L21: 153.9381 | M21: 153.9381 | N21: =((M21-$M$17)/$M$17)*100 -> 4.2218103 | P21: July | Q21: 156.9 | R21: 156.9 | S21: =((R21-$R$17)/$R$17)*100 -> 0.19157088
A22: August | B22: 154.16667 | C22: 154.16667 | D22: =((C22-$C$17)/$C$17)*100 -> 1.8722467 | F22: August | G22: 154.36667 | H22: 154.36667 | I22: =((H22-$H$17)/$H$17)*100 -> 6.3131313 | K22: August | L22: 155.9381 | M22: 155.9381 | N22: =((M22-$M$17)/$M$17)*100 -> 5.5758846 | P22: August | Q22: 158.9 | R22: 158.9 | S22: =((R22-$R$17)/$R$17)*100 -> 1.4687101
A23: September | B23: 154.9 | C23: 154.9 | D23: =((C23-$C$17)/$C$17)*100 -> 2.3568282 | F23: September | G23: 158.53333 | H23: 158.53333 | I23: =((H23-$H$17)/$H$17)*100 -> 9.1827365 | K23: September | L23: 156.95238 | M23: 156.95238 | N23: =((M23-$M$17)/$M$17)*100 -> 6.2625937 | P23: September | Q23: 157.83333 | R23: 157.83333 | S23: =((R23-$R$17)/$R$17)*100 -> 0.78756918
A24: October | B24: 155.6 | C24: 155.6 | D24: =((C24-$C$17)/$C$17)*100 -> 2.8193833 | F24: October | G24: 157.1 | H24: 157.1 | I24: =((H24-$H$17)/$H$17)*100 -> 8.1955923 | K24: October | L24: 159.89048 | M24: 159.89048 | N24: =((M24-$M$17)/$M$17)*100 -> 8.2517933 | P24: October | Q24: 158.9 | R24: 158.9 | S24: =((R24-$R$17)/$R$17)*100 -> 1.4687101
A25: November | B25: 156.53333 | C25: 156.53333 | D25: =((C25-$C$17)/$C$17)*100 -> 3.4361233 | F25: November | G25: 157 | H25: 157 | I25: =((H25-$H$17)/$H$17)*100 -> 8.1267218 | K25: November | L25: 163.23095 | M25: 163.23095 | N25: =((M25-$M$17)/$M$17)*100 -> 10.51342 | P25: November | Q25: 158.86667 | R25: 158.86667 | S25: =((R25-$R$17)/$R$17)*100 -> 1.4474244
A26: December | B26: 157.6 | C26: 157.6 | D26: =((C26-$C$17)/$C$17)*100 -> 4.1409692 | F26: December | G26: 157.2 | H26: 157.2 | I26: =((H26-$H$17)/$H$17)*100 -> 8.2644628 | K26: December | L26: 164.14762 | M26: 164.14762 | N26: =((M26-$M$17)/$M$17)*100 -> 11.134037 | P26: December | Q26: 159.73333 | R26: 159.73333 | S26: =((R26-$R$17)/$R$17)*100 -> 2.0008514
A27: 2021 | B27: 165.13333 | C27: 165.13333 | D27: =((C27-$C$17)/$C$17)*100 -> 9.1189427 | F27: 2021 | G27: 158.73889 | H27: 158.73889 | I27: =((H27-$H$17)/$H$17)*100 -> 9.3243036 | K27: 2021 | L27: 165.36171 | M27: 165.36171 | N27: =((M27-$M$17)/$M$17)*100 -> 11.956019 | P27: 2021 | Q27: 162.53611 | R27: 162.53611 | S27: =((R27-$R$17)/$R$17)*100 -> 3.7906201
A28: January | B28: 158.63333 | C28: 158.63333 | D28: =((C28-$C$17)/$C$17)*100 -> 4.8237885 | F28: January | G28: 156.9 | H28: 156.9 | I28: =((H28-$H$17)/$H$17)*100 -> 8.0578512 | K28: January | L28: 161.95476 | M28: 161.95476 | N28: =((M28-$M$17)/$M$17)*100 -> 9.6493915 | P28: January | Q28: 159.6 | R28: 159.6 | S28: =((R28-$R$17)/$R$17)*100 -> 1.9157088
A29: February | B29: 160.63333 | C29: 160.63333 | D29: =((C29-$C$17)/$C$17)*100 -> 6.1453744 | F29: February | G29: 155.9 | H29: 155.9 | I29: =((H29-$H$17)/$H$17)*100 -> 7.369146 | K29: February | L29: 159.49286 | M29: 159.49286 | N29: =((M29-$M$17)/$M$17)*100 -> 7.9825905 | P29: February | Q29: 159.9 | R29: 159.9 | S29: =((R29-$R$17)/$R$17)*100 -> 2.1072797
A30: March | B30: 161.06667 | C30: 161.06667 | D30: =((C30-$C$17)/$C$17)*100 -> 6.4317181 | F30: March | G30: 153.93333 | H30: 153.93333 | I30: =((H30-$H$17)/$H$17)*100 -> 6.0146924 | K30: March | L30: 159.45952 | M30: 159.45952 | N30: =((M30-$M$17)/$M$17)*100 -> 7.9600226 | P30: March | Q30: 160.53333 | R30: 160.53333 | S30: =((R30-$R$17)/$R$17)*100 -> 2.5117071
A31: April | B31: 161.7 | C31: 161.7 | D31: =((C31-$C$17)/$C$17)*100 -> 6.8502203 | F31: April | G31: 155.53333 | H31: 155.53333 | I31: =((H31-$H$17)/$H$17)*100 -> 7.1166208 | K31: April | L31: 161.26667 | M31: 161.26667 | N31: =((M31-$M$17)/$M$17)*100 -> 9.1835254 | P31: April | Q31: 160.66667 | R31: 160.66667 | S31: =((R31-$R$17)/$R$17)*100 -> 2.5968497
A32: May | B32: 165.1 | C32: 165.1 | D32: =((C32-$C$17)/$C$17)*100 -> 9.0969163 | F32: May | G32: 158.46667 | H32: 158.46667 | I32: =((H32-$H$17)/$H$17)*100 -> 9.1368228 | K32: May | L32: 164.41429 | M32: 164.41429 | N32: =((M32-$M$17)/$M$17)*100 -> 11.31458 | P32: May | Q32: 161.8 | R32: 161.8 | S32: =((R32-$R$17)/$R$17)*100 -> 3.3205619
A33: June | B33: 165.6 | C33: 165.6 | D33: =((C33-$C$17)/$C$17)*100 -> 9.4273128 | F33: June | G33: 158.73333 | H33: 158.73333 | I33: =((H33-$H$17)/$H$17)*100 -> 9.3204775 | K33: June | L33: 166.3381 | M33: 166.3381 | N33: =((M33-$M$17)/$M$17)*100 -> 12.617071 | P33: June | Q33: 162.2 | R33: 162.2 | S33: =((R33-$R$17)/$R$17)*100 -> 3.5759898
A34: July | B34: 166.3 | C34: 166.3 | D34: =((C34-$C$17)/$C$17)*100 -> 9.8898678 | F34: July | G34: 160.03333 | H34: 160.03333 | I34: =((H34-$H$17)/$H$17)*100 -> 10.215794 | K34: July | L34: 167.32381 | M34: 167.32381 | N34: =((M34-$M$17)/$M$17)*100 -> 13.284436 | P34: July | Q34: 163.56667 | R34: 163.56667 | S34: =((R34-$R$17)/$R$17)*100 -> 4.4487016
A35: August | B35: 167.43333 | C35: 167.43333 | D35: =((C35-$C$17)/$C$17)*100 -> 10.638767 | F35: August | G35: 159.96667 | H35: 159.96667 | I35: =((H35-$H$17)/$H$17)*100 -> 10.169881 | K35: August | L35: 166.89286 | M35: 166.89286 | N35: =((M35-$M$17)/$M$17)*100 -> 12.992665 | P35: August | Q35: 163.9 | R35: 163.9 | S35: =((R35-$R$17)/$R$17)*100 -> 4.6615581
A36: September | B36: 167.7 | C36: 167.7 | D36: =((C36-$C$17)/$C$17)*100 -> 10.814978 | F36: September | G36: 159.93333 | H36: 159.93333 | I36: =((H36-$H$17)/$H$17)*100 -> 10.146924 | K36: September | L36: 166.96667 | M36: 166.96667 | N36: =((M36-$M$17)/$M$17)*100 -> 13.042637 | P36: September | Q36: 164.16667 | R36: 164.16667 | S36: =((R36-$R$17)/$R$17)*100 -> 4.8318433
A37: October | B37: 168.36667 | C37: 168.36667 | D37: =((C37-$C$17)/$C$17)*100 -> 11.255507 | F37: October | G37: 160.73333 | H37: 160.73333 | I37: =((H37-$H$17)/$H$17)*100 -> 10.697888 | K37: October | L37: 169.5 | M37: 169.5 | N37: =((M37-$M$17)/$M$17)*100 -> 14.757798 | P37: October | Q37: 164.4 | R37: 164.4 | S37: =((R37-$R$17)/$R$17)*100 -> 4.9808429
A38: November | B38: 169.16667 | C38: 169.16667 | D38: =((C38-$C$17)/$C$17)*100 -> 11.784141 | F38: November | G38: 162.13333 | H38: 162.13333 | I38: =((H38-$H$17)/$H$17)*100 -> 11.662075 | K38: November | L38: 170.84048 | M38: 170.84048 | N38: =((M38-$M$17)/$M$17)*100 -> 15.66535 | P38: November | Q38: 164.8 | R38: 164.8 | S38: =((R38-$R$17)/$R$17)*100 -> 5.2362708
A39: December | B39: 169.9 | C39: 169.9 | D39: =((C39-$C$17)/$C$17)*100 -> 12.268722 | F39: December | G39: 162.6 | H39: 162.6 | I39: =((H39-$H$17)/$H$17)*100 -> 11.983471 | K39: December | L39: 169.89048 | M39: 169.89048 | N39: =((M39-$M$17)/$M$17)*100 -> 15.022165 | P39: December | Q39: 164.9 | R39: 164.9 | S39: =((R39-$R$17)/$R$17)*100 -> 5.3001277
A40: Grand Total | B40: 155.37683 | C40: 155.37683 | D40: =((C40-$C$17)/$C$17)*100 -> 2.6719111 | F40: Grand Total | G40: 149.16937 | H40: 149.16937 | I40: =((H40-$H$17)/$H$17)*100 -> 2.7337225 | K40: Grand Total | L40: 154.76718 | M40: 154.76718 | N40: =((M40-$M$17)/$M$17)*100 -> 4.7831293 | P40: Grand Total | Q40: 158.10857 | R40: 158.10857 | S40: =((R40-$R$17)/$R$17)*100 -> 0.96332786
A43: Since we took March 2020 as the base year, we can observe that inflation increased by 10-15% by the end of 2021 in the categories of Health, Personal Care and Effects, and Food. This indicates that these three categories were the most affected by the COVID-19 pandemic, experiencing notable inflationary pressure in the post-pandemic period.

Sheet PS5
B1: CORRELATION WITH Fuel and Light | D1: Fuel and Light prices have the strongest correlation with General Index, Housing, Clothing, Health, and Recreation & Amusement. This suggests that fuel price fluctuations significantly impact living costs, essential services, and leisure spending. | K1: Food-related categories like Vegetables, Eggs, and Oils & Fats have weak correlation, indicating their price changes are more influenced by factors other than fuel costs, such as weather conditions or supply disruptions.
A2: Cereals and products | B2: =CORREL('Cleaned Data'!$D$287:$D$373,'Cleaned Data'!$V$287:$V$373) -> 0.87946702
A3: Meat and fish | B3: =CORREL('Cleaned Data'!$E$287:$E$373,'Cleaned Data'!$V$287:$V$373) -> 0.72430852
A4: Egg | B4: =CORREL('Cleaned Data'!$F$287:$F$373,'Cleaned Data'!$V$287:$V$373) -> 0.21027741
A5: Milk and products | B5: =CORREL('Cleaned Data'!$G$287:$G$373,'Cleaned Data'!$V$287:$V$373) -> 0.93179318 | F5: Average of Fuel and light | G5: Column Labels | M5: Average of Transport and communication | N5: Column Labels
A6: Oils and fats | B6: =CORREL('Cleaned Data'!$H$287:$H$373,'Cleaned Data'!$V$287:$V$373) -> 0.48434046 | F6: Row Labels | G6: 2021 | H6: 2022 | I6: 2023 | J6: Grand Total | M6: Row Labels | N6: 2021 | O6: 2022 | P6: 2023 | Q6: Grand Total
A7: Fruits | B7: =CORREL('Cleaned Data'!$I$287:$I$373,'Cleaned Data'!$V$287:$V$373) -> 0.55650651 | F7: January | G7: 147.23333 | H7: 163.86667 | I7: 181.76667 | J7: 164.28889 | M7: January | N7: 142.1 | O7: 156.66667 | P7: 163.76667 | Q7: 154.17778
A8: Vegetables | B8: =CORREL('Cleaned Data'!$J$287:$J$373,'Cleaned Data'!$V$287:$V$373) -> 0.01851093 | F8: February | G8: 151.96667 | H8: 165.36667 | I8: 182.16667 | J8: 166.5 | M8: February | N8: 145.26667 | O8: 157.06667 | P8: 164.33333 | Q8: 155.55556
A9: Pulses and products | B9: =CORREL('Cleaned Data'!$K$287:$K$373,'Cleaned Data'!$V$287:$V$373) -> 0.82159761 | F9: March | G9: 155.43333 | H9: 166.86667 | I9: 181.96667 | J9: 168.08889 | M9: March | N9: 146.4 | O9: 158.03333 | P9: 164.33333 | Q9: 156.25556
A10: Sugar and Confectionery | B10: =CORREL('Cleaned Data'!$L$287:$L$373,'Cleaned Data'!$V$287:$V$373) -> 0.71753791 | F10: April | G10: 155.5 | H10: 172 | I10: 181.76667 | J10: 169.75556 | M10: April | N10: 146.8 | O10: 162.7 | P10: 164.66667 | Q10: 158.05556
A11: Spices | B11: =CORREL('Cleaned Data'!$M$287:$M$373,'Cleaned Data'!$V$287:$V$373) -> 0.93239207 | F11: May | G11: 158.86667 | H11: 174.46667 | I11: 182.9 | J11: 172.07778 | M11: May | N11: 149.03333 | O11: 163.16667 | P11: 164.96667 | Q11: 159.05556
A12: Non-alcoholic beverages | B12: =CORREL('Cleaned Data'!$N$287:$N$373,'Cleaned Data'!$V$287:$V$373) -> 0.76000357 | F12: June | G12: 159.33333 | H12: 175.86667 | J12: 167.6 | M12: June | N12: 150.8 | O12: 161.26667 | Q12: 156.03333
A13: Prepared meals, snacks, sweets etc. | B13: =CORREL('Cleaned Data'!$O$287:$O$373,'Cleaned Data'!$V$287:$V$373) -> 0.93981711 | F13: July | G13: 160.3 | H13: 179.56667 | J13: 169.93333 | M13: July | N13: 153.23333 | O13: 161.76667 | Q13: 157.5
A14: Food and beverages | B14: =CORREL('Cleaned Data'!$P$287:$P$373,'Cleaned Data'!$V$287:$V$373) -> 0.87665457 | F14: August | G14: 162.13333 | H14: 178.76667 | J14: 170.45 | M14: August | N14: 154.03333 | O14: 162.06667 | Q14: 158.05
A15: Pan, tobacco and intoxicants | B15: =CORREL('Cleaned Data'!$Q$287:$Q$373,'Cleaned Data'!$V$287:$V$373) -> 0.70827392 | F15: September | G15: 162.36667 | H15: 179.46667 | J15: 170.91667 | M15: September | N15: 154.1 | O15: 162.46667 | Q15: 158.28333
A16: Clothing | B16: =CORREL('Cleaned Data'!$R$287:$R$373,'Cleaned Data'!$V$287:$V$373) -> 0.9484841 | F16: October | G16: 163.96667 | H16: 180.43333 | J16: 172.2 | M16: October | N16: 155.8 | O16: 163.03333 | Q16: 159.41667
A17: Footwear | B17: =CORREL('Cleaned Data'!$S$287:$S$373,'Cleaned Data'!$V$287:$V$373) -> 0.84242208 | F17: November | G17: 163.6 | H17: 181.16667 | J17: 172.38333 | M17: November | N17: 154.96667 | O17: 163.13333 | Q17: 159.05
A18: Clothing and footwear | B18: =CORREL('Cleaned Data'!$T$287:$T$373,'Cleaned Data'!$V$287:$V$373) -> 0.93420817 | F18: December | G18: 163.8 | H18: 181.8 | J18: 172.8 | M18: December | N18: 155.86667 | O18: 163.53333 | Q18: 159.7
A19: Housing | B19: =CORREL('Cleaned Data'!$U$287:$U$373,'Cleaned Data'!$V$287:$V$373) -> 0.94930892 | F19: Grand Total | G19: 158.70833 | H19: 174.96944 | I19: 182.11333 | J19: 169.47241 | M19: Grand Total | N19: 150.7 | O19: 161.24167 | P19: 164.41333 | Q19: 157.42644
A20: Household goods and services | B20: =CORREL('Cleaned Data'!$W$287:$W$373,'Cleaned Data'!$V$287:$V$373) -> 0.93013541
A21: Health | B21: =CORREL('Cleaned Data'!$X$287:$X$373,'Cleaned Data'!$V$287:$V$373) -> 0.9279227
A22: Transport and communication | B22: =CORREL('Cleaned Data'!$Y$287:$Y$373,'Cleaned Data'!$V$287:$V$373) -> 0.89217062
A23: Recreation and amusement | B23: =CORREL('Cleaned Data'!$Z$287:$Z$373,'Cleaned Data'!$V$287:$V$373) -> 0.93979856
A24: Education | B24: =CORREL('Cleaned Data'!$AA$287:$AA$373,'Cleaned Data'!$V$287:$V$373) -> 0.90803602
A25: Personal care and effects | B25: =CORREL('Cleaned Data'!$AB$287:$AB$373,'Cleaned Data'!$V$287:$V$373) -> 0.92068971
A26: Miscellaneous | B26: =CORREL('Cleaned Data'!$AC$287:$AC$373,'Cleaned Data'!$V$287:$V$373) -> 0.92929761
A27: General index | B27: =CORREL('Cleaned Data'!$AD$287:$AD$373,'Cleaned Data'!$V$287:$V$373) -> 0.98123872
